timestamp,open,high,low,close,volume,price,count,instrument,exchange,class,pair
2021-02-24,48899.99,51415.41,47002.0,49737.82,29340.570938920002,49693.95623472008,489110.0,cbse/btc-usd,cbse,spot,btc-usd
2021-02-23,54125.67,54206.22,44888.08,48899.99,60135.632208360075,48551.11508026361,918397.0,cbse/btc-usd,cbse,spot,btc-usd
2021-02-22,57489.16,57577.69,46693.6,54142.13,37770.836648400094,53975.17479806235,683317.0,cbse/btc-usd,cbse,spot,btc-usd
2021-02-21,55921.44,58367.0,55531.23,57489.16,13059.36972443996,57209.70643260177,338204.0,cbse/btc-usd,cbse,spot,btc-usd
2021-02-20,55983.57,57563.57,54000.1,55923.52,20591.77959519979,56353.16071530864,508926.0,cbse/btc-usd,cbse,spot,btc-usd
2021-02-19,51596.0,56370.05,50725.0,55983.56,26435.080439419944,53876.319521201876,460342.0,cbse/btc-usd,cbse,spot,btc-usd
2021-02-18,52170.01,52549.99,50875.0,51601.73,15280.433294810111,51888.31597881308,279064.0,cbse/btc-usd,cbse,spot,btc-usd
2021-02-17,49141.42,52640.35,48942.87,52170.01,24520.000635310003,51006.36400409564,360124.0,cbse/btc-usd,cbse,spot,btc-usd
2021-02-16,47935.66,50645.0,47051.22,49158.71,21129.488350060354,48894.74564109352,324532.0,cbse/btc-usd,cbse,spot,btc-usd
2021-02-15,48667.23,49093.44,45768.46,47936.37,17378.12938834997,47629.07675213688,310790.0,cbse/btc-usd,cbse,spot,btc-usd
2021-02-14,47240.75,49700.0,47100.13,48680.69,14506.4884604701,48635.22012448304,254658.0,cbse/btc-usd,cbse,spot,btc-usd
2021-02-13,47408.34,48199.0,46300.0,47232.45,11748.716666110182,47259.216432398694,243542.0,cbse/btc-usd,cbse,spot,btc-usd
2021-02-12,47993.6,48912.0,46300.0,47408.34,22644.351381389934,47582.291326186314,338196.0,cbse/btc-usd,cbse,spot,btc-usd
2021-02-11,44850.0,48690.0,44011.0,47997.91,24760.216840269957,46765.452270931535,341526.0,cbse/btc-usd,cbse,spot,btc-usd
2021-02-10,46514.73,47349.99,43706.86,44850.0,24118.39760737999,45543.81832092652,371082.0,cbse/btc-usd,cbse,spot,btc-usd
2021-02-09,46453.66,48200.0,45020.0,46514.73,33276.455332729995,46722.394297031045,446052.0,cbse/btc-usd,cbse,spot,btc-usd
2021-02-08,38871.43,46750.0,38057.01,46448.1,40373.95661580997,42988.775179093354,462387.0,cbse/btc-usd,cbse,spot,btc-usd
2021-02-07,39266.1,39737.83,37371.35,38871.42,19564.4785761201,38619.39324373281,262860.0,cbse/btc-usd,cbse,spot,btc-usd
2021-02-06,38327.09,41000.0,38250.0,39265.43,25865.60718066968,39769.105187279565,324513.0,cbse/btc-usd,cbse,spot,btc-usd
2021-02-05,36976.59,38349.0,36605.87,38311.49,17596.883683980053,37667.95907648413,279260.0,cbse/btc-usd,cbse,spot,btc-usd
2021-02-04,37688.42,38769.0,36156.45,36975.0,30944.98184991005,37498.9694241154,335346.0,cbse/btc-usd,cbse,spot,btc-usd
2021-02-03,35513.0,37723.72,35393.8,37681.45,23391.645202999873,36683.353747529836,267587.0,cbse/btc-usd,cbse,spot,btc-usd
2021-02-02,33534.39,36000.0,33450.0,35512.67,19656.856904569922,34825.116271274666,223136.0,cbse/btc-usd,cbse,spot,btc-usd
2021-02-01,33137.75,34728.57,32333.0,33533.19,20769.840650789847,33671.02907066047,250397.0,cbse/btc-usd,cbse,spot,btc-usd
2021-01-31,34315.63,34387.75,32200.0,33137.74,15734.755669170021,33300.56743167898,216658.0,cbse/btc-usd,cbse,spot,btc-usd
2021-01-30,34262.11,34900.0,32852.86,34315.63,20857.91992423056,33973.64041444797,263810.0,cbse/btc-usd,cbse,spot,btc-usd
2021-01-29,33487.92,38664.33,31990.0,34262.11,66774.45234687088,35342.491433878524,578088.0,cbse/btc-usd,cbse,spot,btc-usd
2021-01-28,30414.11,34000.0,29902.14,33488.99,35419.75385823518,31956.218850942136,285923.0,cbse/btc-usd,cbse,spot,btc-usd
2021-01-27,32510.82,32584.62,29200.0,30407.13,43413.48794022477,30810.728141307554,355493.0,cbse/btc-usd,cbse,spot,btc-usd
2021-01-26,32260.52,32960.37,30830.0,32510.82,22928.63208365864,31990.956078058436,231971.0,cbse/btc-usd,cbse,spot,btc-usd
2021-01-25,32293.18,34888.0,31920.8,32261.87,22581.991954298297,33425.47292086972,215252.0,cbse/btc-usd,cbse,spot,btc-usd
2021-01-24,32110.0,33086.53,30931.21,32288.56,13294.616154931051,32076.838233921986,162291.0,cbse/btc-usd,cbse,spot,btc-usd
2021-01-23,32982.66,33488.79,31432.19,32112.01,15687.35930008169,32327.981945428968,175641.0,cbse/btc-usd,cbse,spot,btc-usd
2021-01-22,30855.9,33867.0,28732.0,32984.93,43548.90589182616,31409.16803556795,415284.0,cbse/btc-usd,cbse,spot,btc-usd
2021-01-21,35498.85,35628.24,30011.0,30855.95,45576.68235173511,32143.692803546655,443080.0,cbse/btc-usd,cbse,spot,btc-usd
2021-01-20,35921.91,36415.34,33387.01,35503.09,24091.650742526657,34989.901065405946,271459.0,cbse/btc-usd,cbse,spot,btc-usd
2021-01-19,36624.23,37857.0,35895.11,35917.28,18487.81272618263,36874.67357991154,206927.0,cbse/btc-usd,cbse,spot,btc-usd
2021-01-18,35820.01,37402.0,34736.46,36624.23,16142.309017781286,36053.31005050924,185792.0,cbse/btc-usd,cbse,spot,btc-usd
2021-01-17,36004.8,36860.0,33850.03,35820.0,18342.048308230213,35530.74923024675,203942.0,cbse/btc-usd,cbse,spot,btc-usd
2021-01-16,36754.6,37948.0,35372.59,36006.94,20493.627784028606,36729.2469383991,224581.0,cbse/btc-usd,cbse,spot,btc-usd
2021-01-15,39123.05,39697.0,34298.93,36754.67,33224.20235712702,36827.55714934956,355604.0,cbse/btc-usd,cbse,spot,btc-usd
2021-01-14,37393.67,40127.66,36751.11,39125.14,30932.04818607674,38615.592151072866,296121.0,cbse/btc-usd,cbse,spot,btc-usd
2021-01-13,34035.53,37867.72,32309.04,37393.66,36629.62914617193,34770.10648275927,330352.0,cbse/btc-usd,cbse,spot,btc-usd
2021-01-12,35446.25,36604.51,32507.14,34038.98,42485.4540077122,34733.29083722418,369589.0,cbse/btc-usd,cbse,spot,btc-usd
2021-01-11,38168.89,38273.88,30100.0,35461.96,67498.30649288624,33980.328239473434,645702.0,cbse/btc-usd,cbse,spot,btc-usd
2021-01-10,40255.4,41452.12,34444.0,38171.57,33515.05492011641,39042.887958670995,387874.0,cbse/btc-usd,cbse,spot,btc-usd
2021-01-09,40642.15,41406.94,38800.0,40257.42,25770.515258539777,40343.88171055967,321394.0,cbse/btc-usd,cbse,spot,btc-usd
2021-01-08,39510.55,41986.37,36579.0,40665.15,41463.787772426615,39863.787014899775,448114.0,cbse/btc-usd,cbse,spot,btc-usd
2021-01-07,36859.26,40425.0,36352.98,39505.56,42467.27305651906,38316.45307674765,435666.0,cbse/btc-usd,cbse,spot,btc-usd
2021-01-06,34043.91,37000.0,33352.54,36859.26,40792.762803318226,35018.70942278231,384333.0,cbse/btc-usd,cbse,spot,btc-usd
2021-01-05,32020.22,34499.67,29891.13,34030.64,39489.4768839891,32376.336537148418,351320.0,cbse/btc-usd,cbse,spot,btc-usd
2021-01-04,33082.83,33666.99,27678.0,32016.09,40611.97165894043,31574.180295109727,378253.0,cbse/btc-usd,cbse,spot,btc-usd
2021-01-03,32222.88,34810.0,32008.62,33090.31,34131.600831680975,33496.857730070784,352523.0,cbse/btc-usd,cbse,spot,btc-usd
2021-01-02,29413.29,33300.0,29039.0,32225.91,38756.65481989764,31443.208031887825,343215.0,cbse/btc-usd,cbse,spot,btc-usd
2021-01-01,28990.08,29688.88,28715.07,29412.84,21743.206968279916,29272.32864999639,216203.0,cbse/btc-usd,cbse,spot,btc-usd
2020-12-31,28897.42,29321.9,28000.0,28990.08,27927.036944596828,28832.649659118124,249086.0,cbse/btc-usd,cbse,spot,btc-usd
2020-12-30,27366.35,29018.26,27332.49,28897.42,27308.67272015775,28214.024990522066,229273.0,cbse/btc-usd,cbse,spot,btc-usd
2020-12-29,27039.39,27396.77,25833.73,27366.35,20343.37234931203,26662.092447617622,216897.0,cbse/btc-usd,cbse,spot,btc-usd
2020-12-28,26255.16,27477.0,26086.19,27040.36,20987.498029091366,26966.744074139187,180221.0,cbse/btc-usd,cbse,spot,btc-usd
2020-12-27,26482.64,28387.0,25786.05,26258.65,31778.704255262346,27010.892379443627,272262.0,cbse/btc-usd,cbse,spot,btc-usd
2020-12-26,24704.71,26822.0,24490.01,26475.35,23814.67284668105,25633.195176170775,203043.0,cbse/btc-usd,cbse,spot,btc-usd
2020-12-25,23718.61,24770.95,23416.0,24704.71,15220.822776341576,24119.804194692704,151734.0,cbse/btc-usd,cbse,spot,btc-usd
2020-12-24,23226.18,23785.0,22712.89,23717.96,16425.833034061496,23198.17528528274,152991.0,cbse/btc-usd,cbse,spot,btc-usd
2020-12-23,23824.13,24090.0,22600.0,23228.35,22632.021750552307,23476.280210729787,219053.0,cbse/btc-usd,cbse,spot,btc-usd
2020-12-22,22729.4,23839.78,22380.05,23823.27,18463.875137301613,23155.713724757927,179559.0,cbse/btc-usd,cbse,spot,btc-usd
2020-12-21,23476.51,24118.75,21913.84,22729.4,24784.694962032856,23098.172287222864,223446.0,cbse/btc-usd,cbse,spot,btc-usd
2020-12-20,23850.0,24300.0,23100.0,23476.51,14537.126709571345,23631.63391373074,149119.0,cbse/btc-usd,cbse,spot,btc-usd
2020-12-19,23138.89,24200.0,22770.0,23849.99,20058.55290255141,23539.617503966896,188596.0,cbse/btc-usd,cbse,spot,btc-usd
2020-12-18,22826.37,23280.0,22329.0,23137.76,24658.417788831084,22855.983871961045,195260.0,cbse/btc-usd,cbse,spot,btc-usd
2020-12-17,21360.5,23776.94,21252.01,22826.48,51112.59698933141,22770.783788597062,347889.0,cbse/btc-usd,cbse,spot,btc-usd
2020-12-16,19443.19,21569.94,19300.0,21360.98,31098.59775724214,20490.464005730955,222706.0,cbse/btc-usd,cbse,spot,btc-usd
2020-12-15,19272.37,19565.0,19051.27,19444.6,15044.650417320987,19364.249967995034,130574.0,cbse/btc-usd,cbse,spot,btc-usd
2020-12-14,19166.65,19349.98,18967.68,19272.37,9024.867855940533,19167.824388455898,86891.0,cbse/btc-usd,cbse,spot,btc-usd
2020-12-13,18821.28,19421.03,18730.0,19166.65,10434.930504930711,19167.76906067144,97148.0,cbse/btc-usd,cbse,spot,btc-usd
2020-12-12,18044.19,18955.34,18023.57,18821.28,8563.8506511308,18498.443787852717,100449.0,cbse/btc-usd,cbse,spot,btc-usd
2020-12-11,18257.18,18293.08,17580.0,18042.15,16732.159254230624,17922.733537222062,151213.0,cbse/btc-usd,cbse,spot,btc-usd
2020-12-10,18546.55,18556.42,17905.0,18253.44,14731.822701150535,18259.70139276694,117675.0,cbse/btc-usd,cbse,spot,btc-usd
2020-12-09,18316.22,18647.33,17639.0,18546.55,20113.307135311516,18243.24897366274,163959.0,cbse/btc-usd,cbse,spot,btc-usd
2020-12-08,19177.08,19299.51,18200.0,18316.22,14255.738097650545,18797.565582457093,131412.0,cbse/btc-usd,cbse,spot,btc-usd
2020-12-07,19375.6,19432.57,18901.0,19177.71,8919.81939409032,19166.994981324242,127451.0,cbse/btc-usd,cbse,spot,btc-usd
2020-12-06,19158.96,19430.25,18878.0,19375.6,6541.56952731275,19173.77201703477,132998.0,cbse/btc-usd,cbse,spot,btc-usd
2020-12-05,18658.09,19189.98,18501.0,19158.96,7077.679120090472,18941.25189080582,101022.0,cbse/btc-usd,cbse,spot,btc-usd
2020-12-04,19446.43,19546.46,18576.05,18658.1,15969.307282709742,19056.674120638403,168429.0,cbse/btc-usd,cbse,spot,btc-usd
2020-12-03,19222.45,19623.89,18885.0,19448.64,14361.873888259172,19302.438960517622,154095.0,cbse/btc-usd,cbse,spot,btc-usd
2020-12-02,18778.18,19340.0,18335.0,19225.63,15972.6198141498,18913.88653715238,145755.0,cbse/btc-usd,cbse,spot,btc-usd
2020-12-01,19713.94,19915.14,18111.84,18782.97,26437.72605760014,19157.661850390683,206956.0,cbse/btc-usd,cbse,spot,btc-usd
2020-11-30,18202.02,19873.23,18201.47,19713.93,26055.863199595446,19161.326743037658,192732.0,cbse/btc-usd,cbse,spot,btc-usd
2020-11-29,17736.1,18359.0,17535.26,18202.03,8883.998149140945,18019.013687297993,101103.0,cbse/btc-usd,cbse,spot,btc-usd
2020-11-28,17155.43,17933.25,16880.0,17739.85,13037.47779936039,17454.803490844497,133229.0,cbse/btc-usd,cbse,spot,btc-usd
2020-11-27,17169.99,17475.0,16400.0,17153.95,22997.732456498197,16919.3794823963,185576.0,cbse/btc-usd,cbse,spot,btc-usd
2020-11-26,18717.24,18915.48,16200.0,17170.0,35189.03078947928,17356.322748510527,261591.0,cbse/btc-usd,cbse,spot,btc-usd
2020-11-25,19172.9,19500.0,18502.0,18721.93,20149.631916899627,19052.590322249176,178580.0,cbse/btc-usd,cbse,spot,btc-usd
2020-11-24,18384.82,19469.0,18052.02,19172.84,26102.676639049187,18967.810503848472,210142.0,cbse/btc-usd,cbse,spot,btc-usd
2020-11-23,18437.18,18777.77,18001.0,18384.82,17363.563399511535,18417.053507135308,144705.0,cbse/btc-usd,cbse,spot,btc-usd
2020-11-22,18721.21,18773.56,17610.77,18437.66,14803.849278921003,18366.707959717813,139524.0,cbse/btc-usd,cbse,spot,btc-usd
2020-11-21,18677.84,18980.0,18350.0,18721.21,13330.29683183128,18737.794512909706,142401.0,cbse/btc-usd,cbse,spot,btc-usd
2020-11-20,17821.92,18830.3,17764.76,18675.25,17614.456513481262,18404.81067049161,151120.0,cbse/btc-usd,cbse,spot,btc-usd
2020-11-19,17790.18,18193.29,17356.0,17821.58,16928.66544277123,17864.994737237073,137742.0,cbse/btc-usd,cbse,spot,btc-usd
2020-11-18,17679.86,18488.0,17238.68,17782.89,30668.375242418144,17871.804664121493,212419.0,cbse/btc-usd,cbse,spot,btc-usd
2020-11-17,16726.49,17880.0,16575.42,17679.36,24809.22560059016,17301.652937912575,176839.0,cbse/btc-usd,cbse,spot,btc-usd
2020-11-16,15970.0,16892.0,15879.0,16726.64,13742.249525541327,16494.204564861724,112497.0,cbse/btc-usd,cbse,spot,btc-usd
2020-11-15,16082.01,16175.6,15796.09,15966.89,6249.486867380168,15979.201763224588,84967.0,cbse/btc-usd,cbse,spot,btc-usd
2020-11-14,16339.56,16339.6,15708.24,16082.01,9036.641482020039,16007.366144270783,97968.0,cbse/btc-usd,cbse,spot,btc-usd
2020-11-13,16310.81,16491.92,15975.0,16339.56,14510.813671660917,16280.702410867663,124013.0,cbse/btc-usd,cbse,spot,btc-usd
2020-11-12,15705.79,16370.89,15446.82,16310.81,21404.30385640128,15963.798424192319,145328.0,cbse/btc-usd,cbse,spot,btc-usd
2020-11-11,15315.46,16000.0,15293.04,15705.79,15123.844197731076,15664.643871797527,114205.0,cbse/btc-usd,cbse,spot,btc-usd
2020-11-10,15342.1,15481.06,15090.08,15315.04,13451.204415121132,15312.84808658326,108642.0,cbse/btc-usd,cbse,spot,btc-usd
2020-11-09,15482.89,15856.9,14817.14,15342.25,21820.979039260536,15347.333984402547,131581.0,cbse/btc-usd,cbse,spot,btc-usd
2020-11-08,14834.09,15666.0,14721.9,15482.9,11786.951998790972,15238.908576543528,100147.0,cbse/btc-usd,cbse,spot,btc-usd
2020-11-07,15599.95,15779.24,14310.0,14834.09,22389.100346800675,15116.019937101211,155784.0,cbse/btc-usd,cbse,spot,btc-usd
2020-11-06,15608.06,15977.67,15190.36,15599.95,24711.5844507393,15590.89127904287,166547.0,cbse/btc-usd,cbse,spot,btc-usd
2020-11-05,14165.86,15775.0,14115.0,15608.21,30788.260670089032,14942.194544943675,189624.0,cbse/btc-usd,cbse,spot,btc-usd
2020-11-04,14034.35,14273.6,13530.01,14161.48,16574.31842689045,13942.179995798644,113403.0,cbse/btc-usd,cbse,spot,btc-usd
2020-11-03,13563.22,14081.45,13290.0,14035.8,13493.802203471038,13658.64469560638,98551.0,cbse/btc-usd,cbse,spot,btc-usd
2020-11-02,13771.7,13840.0,13215.0,13563.22,12018.373835950913,13554.585561473938,90670.0,cbse/btc-usd,cbse,spot,btc-usd
2020-11-01,13803.69,13906.74,13630.05,13771.59,6248.8694531402125,13771.548349517647,77389.0,cbse/btc-usd,cbse,spot,btc-usd
2020-10-31,13571.51,14098.92,13424.73,13804.81,11167.540000350542,13776.174163546382,91389.0,cbse/btc-usd,cbse,spot,btc-usd
2020-10-30,13460.0,13687.82,13131.31,13571.51,15453.608647900786,13428.138666464993,111397.0,cbse/btc-usd,cbse,spot,btc-usd
2020-10-29,13281.06,13650.0,12976.29,13460.0,15689.07056109105,13351.233671692773,109921.0,cbse/btc-usd,cbse,spot,btc-usd
2020-10-28,13762.79,13863.87,12891.57,13281.05,20613.782243401245,13350.899467730715,124506.0,cbse/btc-usd,cbse,spot,btc-usd
2020-10-27,13068.79,13788.0,13061.28,13780.0,16909.49086408098,13474.716212793961,108642.0,cbse/btc-usd,cbse,spot,btc-usd
2020-10-26,13045.02,13250.0,12785.0,13068.79,12035.349565100603,13042.720332323632,92264.0,cbse/btc-usd,cbse,spot,btc-usd
2020-10-25,13126.34,13361.0,12890.76,13045.0,8669.819606060306,13072.908405248529,79151.0,cbse/btc-usd,cbse,spot,btc-usd
2020-10-24,12938.0,13175.0,12884.31,13126.24,7776.65754823015,13055.995147304824,77869.0,cbse/btc-usd,cbse,spot,btc-usd
2020-10-23,12988.2,13037.0,12722.72,12937.09,10373.803097480572,12914.728574207336,91261.0,cbse/btc-usd,cbse,spot,btc-usd
2020-10-22,12808.01,13200.0,12698.02,12987.02,20056.190505170493,12948.056296841858,131970.0,cbse/btc-usd,cbse,spot,btc-usd
2020-10-21,11923.07,13250.04,11900.01,12808.01,30579.41708220802,12619.25842717814,171129.0,cbse/btc-usd,cbse,spot,btc-usd
2020-10-20,11760.45,12050.0,11685.0,11923.83,13318.630571080508,11878.942877214151,90456.0,cbse/btc-usd,cbse,spot,btc-usd
2020-10-19,11514.2,11833.0,11416.04,11760.45,9987.063999630116,11648.308497292031,81453.0,cbse/btc-usd,cbse,spot,btc-usd
2020-10-18,11367.9,11523.0,11350.37,11514.2,4234.983511410173,11438.032189541293,60112.0,cbse/btc-usd,cbse,spot,btc-usd
2020-10-17,11328.27,11421.0,11264.75,11367.89,3586.1455215001315,11341.684716218335,57889.0,cbse/btc-usd,cbse,spot,btc-usd
2020-10-16,11509.31,11550.01,11201.0,11328.95,9301.486114100035,11344.408144633324,85445.0,cbse/btc-usd,cbse,spot,btc-usd
2020-10-15,11427.7,11641.38,11263.15,11509.34,8188.323151660437,11429.817306746438,83749.0,cbse/btc-usd,cbse,spot,btc-usd
2020-10-14,11428.22,11556.37,11290.83,11427.7,6988.655360110374,11401.811924286509,74087.0,cbse/btc-usd,cbse,spot,btc-usd
2020-10-13,11535.46,11561.45,11312.59,11428.22,8504.887051640273,11437.639709432851,74157.0,cbse/btc-usd,cbse,spot,btc-usd
2020-10-12,11374.01,11736.02,11187.6,11535.46,10445.324662900835,11491.051846950602,81705.0,cbse/btc-usd,cbse,spot,btc-usd
2020-10-11,11299.52,11444.25,11276.28,11374.01,5122.748237230107,11361.93549529479,65695.0,cbse/btc-usd,cbse,spot,btc-usd
2020-10-10,11057.07,11498.98,11055.75,11299.5,8903.346481420249,11348.262341233089,82748.0,cbse/btc-usd,cbse,spot,btc-usd
2020-10-09,10932.44,11111.11,10834.49,11057.07,9775.028529211155,11016.145308166986,92536.0,cbse/btc-usd,cbse,spot,btc-usd
2020-10-08,10670.47,10963.16,10532.11,10933.09,11211.983206200512,10810.683556431413,82757.0,cbse/btc-usd,cbse,spot,btc-usd
2020-10-07,10601.2,10683.75,10546.78,10670.47,6108.042551090183,10621.299326695022,66693.0,cbse/btc-usd,cbse,spot,btc-usd
2020-10-06,10796.97,10800.0,10524.0,10600.94,7564.005260340143,10657.951413215505,74254.0,cbse/btc-usd,cbse,spot,btc-usd
2020-10-05,10670.01,10800.0,10621.12,10795.71,5932.27134829998,10712.923929984136,64095.0,cbse/btc-usd,cbse,spot,btc-usd
2020-10-04,10550.32,10697.0,10521.87,10671.11,3544.489508080076,10616.704004728512,61607.0,cbse/btc-usd,cbse,spot,btc-usd
2020-10-03,10573.12,10606.36,10498.02,10551.65,3208.5011079399683,10554.230522812342,60201.0,cbse/btc-usd,cbse,spot,btc-usd
2020-10-02,10616.35,10668.56,10363.76,10573.12,10167.970683990701,10513.358316072174,87030.0,cbse/btc-usd,cbse,spot,btc-usd
2020-10-01,10779.63,10931.98,10427.75,10617.31,12628.177756060782,10671.550037091143,100141.0,cbse/btc-usd,cbse,spot,btc-usd
2020-09-30,10839.98,10847.0,10657.04,10779.63,6313.208018070136,10739.756919640564,66280.0,cbse/btc-usd,cbse,spot,btc-usd
2020-09-29,10694.9,10860.79,10636.13,10840.73,8142.1062709100715,10729.258929275245,70332.0,cbse/btc-usd,cbse,spot,btc-usd
2020-09-28,10779.0,10956.11,10621.22,10695.55,8371.528496630057,10865.007680932205,72235.0,cbse/btc-usd,cbse,spot,btc-usd
2020-09-27,10730.0,10806.32,10595.24,10778.2,3847.874327490042,10720.824821425851,55931.0,cbse/btc-usd,cbse,spot,btc-usd
2020-09-26,10690.53,10828.0,10654.58,10730.0,3591.7720864100065,10720.318371661997,60208.0,cbse/btc-usd,cbse,spot,btc-usd
2020-09-25,10740.0,10765.07,10551.0,10690.53,9683.885205250099,10666.414112492133,84347.0,cbse/btc-usd,cbse,spot,btc-usd
2020-09-24,10237.41,10795.87,10192.56,10740.01,9546.961427950366,10510.640301516381,79027.0,cbse/btc-usd,cbse,spot,btc-usd
2020-09-23,10531.13,10541.25,10135.22,10235.1,8771.752660430058,10376.82642174651,77504.0,cbse/btc-usd,cbse,spot,btc-usd
2020-09-22,10416.83,10576.82,10355.0,10531.13,7883.602462300026,10467.0508989743,69577.0,cbse/btc-usd,cbse,spot,btc-usd
2020-09-21,10920.94,10994.0,10180.0,10416.82,14133.15754501186,10569.858620341496,105346.0,cbse/btc-usd,cbse,spot,btc-usd
2020-09-20,11081.09,11081.37,10759.37,10920.89,5885.550320870047,10899.78791378277,71303.0,cbse/btc-usd,cbse,spot,btc-usd
2020-09-19,10937.5,11179.9,10891.78,11080.0,5582.528862040174,11039.476298614494,70276.0,cbse/btc-usd,cbse,spot,btc-usd
2020-09-18,10943.99,11039.88,10813.0,10937.52,8442.486665419989,10915.768636695082,88233.0,cbse/btc-usd,cbse,spot,btc-usd
2020-09-17,10957.06,11044.0,10735.55,10943.61,8869.36710501021,10882.012538290288,79408.0,cbse/btc-usd,cbse,spot,btc-usd
2020-09-16,10783.36,11099.95,10662.02,10956.33,10952.032093010484,10931.808221656449,88461.0,cbse/btc-usd,cbse,spot,btc-usd
2020-09-15,10678.41,10950.0,10613.18,10783.75,12485.00931181066,10789.020776670544,94641.0,cbse/btc-usd,cbse,spot,btc-usd
2020-09-14,10336.76,10760.62,10253.0,10679.95,13334.74381403093,10549.163476197911,90745.0,cbse/btc-usd,cbse,spot,btc-usd
2020-09-13,10446.52,10582.36,10211.0,10336.76,10241.146758860305,10355.712847001503,75499.0,cbse/btc-usd,cbse,spot,btc-usd
2020-09-12,10394.41,10483.23,10276.19,10446.52,6494.828548270035,10378.122966518018,71838.0,cbse/btc-usd,cbse,spot,btc-usd
2020-09-11,10344.24,10411.44,10200.0,10394.41,7187.457130259965,10305.274535595461,78240.0,cbse/btc-usd,cbse,spot,btc-usd
2020-09-10,10224.56,10489.0,10216.41,10343.23,11199.574158330035,10348.536250923971,95015.0,cbse/btc-usd,cbse,spot,btc-usd
2020-09-09,10126.41,10349.99,9983.34,10224.56,9586.944513950168,10206.975165431762,86833.0,cbse/btc-usd,cbse,spot,btc-usd
2020-09-08,10375.0,10440.91,9819.83,10125.69,15430.305481881363,10086.284320195906,108121.0,cbse/btc-usd,cbse,spot,btc-usd
2020-09-07,10258.67,10410.9,9880.0,10375.0,11816.607555410794,10136.254884706252,94199.0,cbse/btc-usd,cbse,spot,btc-usd
2020-09-06,10169.58,10358.88,10000.0,10257.86,9385.672300290265,10201.547809785932,86310.0,cbse/btc-usd,cbse,spot,btc-usd
2020-09-05,10482.07,10564.8,9831.32,10168.36,21795.748918141846,10161.528120903842,141507.0,cbse/btc-usd,cbse,spot,btc-usd
2020-09-04,10172.13,10638.34,9900.0,10477.13,22464.510106912952,10355.015020707737,166580.0,cbse/btc-usd,cbse,spot,btc-usd
2020-09-03,11395.49,11474.99,10005.0,10172.52,27163.571363752042,10791.962384264001,189560.0,cbse/btc-usd,cbse,spot,btc-usd
2020-09-02,11924.22,11950.0,11160.0,11395.48,18795.877563002123,11481.434522707197,142519.0,cbse/btc-usd,cbse,spot,btc-usd
2020-09-01,11655.0,12086.0,11525.09,11924.22,15686.368072923186,11894.59529969454,128603.0,cbse/btc-usd,cbse,spot,btc-usd
2020-08-31,11716.0,11784.66,11576.0,11655.0,9056.550305680328,11695.324094117206,81604.0,cbse/btc-usd,cbse,spot,btc-usd
2020-08-30,11474.3,11720.0,11463.87,11716.01,5496.1009732702,11621.247640499321,66941.0,cbse/btc-usd,cbse,spot,btc-usd
2020-08-29,11535.0,11580.0,11422.21,11474.31,5375.411754470152,11506.709450592245,68551.0,cbse/btc-usd,cbse,spot,btc-usd
2020-08-28,11330.56,11550.51,11282.09,11535.0,10223.033894800708,11450.998774966043,96242.0,cbse/btc-usd,cbse,spot,btc-usd
2020-08-27,11463.27,11597.92,11125.0,11330.06,13337.609741200951,11334.267817591232,99515.0,cbse/btc-usd,cbse,spot,btc-usd
2020-08-26,11324.92,11539.99,11254.89,11463.27,9110.990298750354,11415.85341311244,79774.0,cbse/btc-usd,cbse,spot,btc-usd
2020-08-25,11753.26,11769.76,11102.73,11324.92,13982.488774050995,11410.971369536466,110446.0,cbse/btc-usd,cbse,spot,btc-usd
2020-08-24,11650.01,11823.62,11592.91,11753.85,7251.053070190176,11741.286701889976,72333.0,cbse/btc-usd,cbse,spot,btc-usd
2020-08-23,11672.92,11715.0,11525.62,11650.01,5495.142014260296,11634.422783719974,73116.0,cbse/btc-usd,cbse,spot,btc-usd
2020-08-22,11529.99,11693.16,11370.0,11672.93,7777.385206070231,11528.535978939171,91002.0,cbse/btc-usd,cbse,spot,btc-usd
2020-08-21,11864.26,11884.99,11480.0,11529.22,14526.80736666104,11713.738179486034,127476.0,cbse/btc-usd,cbse,spot,btc-usd
2020-08-20,11758.87,11892.16,11671.48,11864.26,8795.570389910274,11813.014521924533,95057.0,cbse/btc-usd,cbse,spot,btc-usd
2020-08-19,11954.22,12024.83,11569.0,11758.87,16091.594662031213,11782.229565726322,145357.0,cbse/btc-usd,cbse,spot,btc-usd
2020-08-18,12303.98,12400.0,11825.0,11951.01,18038.48443321134,12106.948296442937,129949.0,cbse/btc-usd,cbse,spot,btc-usd
2020-08-17,11918.84,12486.61,11775.0,12304.26,22922.492983491105,12185.94364808046,140753.0,cbse/btc-usd,cbse,spot,btc-usd
2020-08-16,11860.02,11940.0,11686.53,11918.84,8874.709284150293,11840.865048762262,101230.0,cbse/btc-usd,cbse,spot,btc-usd
2020-08-15,11777.5,11989.98,11688.0,11859.24,12398.83432896079,11881.066104533083,116733.0,cbse/btc-usd,cbse,spot,btc-usd
2020-08-14,11795.95,11865.97,11651.24,11779.0,13582.350627260457,11758.96786455178,111925.0,cbse/btc-usd,cbse,spot,btc-usd
2020-08-13,11566.44,11802.09,11274.14,11795.79,15244.376708750166,11565.383339065986,128965.0,cbse/btc-usd,cbse,spot,btc-usd
2020-08-12,11388.88,11625.0,11148.54,11566.45,12651.047921160978,11466.217401358344,110253.0,cbse/btc-usd,cbse,spot,btc-usd
2020-08-11,11899.87,11943.0,11120.0,11388.53,20080.070718840547,11559.925802339369,136531.0,cbse/btc-usd,cbse,spot,btc-usd
2020-08-10,11688.25,12086.22,11470.01,11899.73,20961.09250838109,11895.349949705733,119540.0,cbse/btc-usd,cbse,spot,btc-usd
2020-08-09,11773.24,11810.24,11532.04,11688.48,7446.152590310564,11665.981751393201,87281.0,cbse/btc-usd,cbse,spot,btc-usd
2020-08-08,11606.52,11818.18,11529.45,11774.98,7297.614709800404,11693.256961713812,78922.0,cbse/btc-usd,cbse,spot,btc-usd
2020-08-07,11773.89,11920.0,11350.0,11606.52,23099.513989538886,11639.873767844532,129482.0,cbse/btc-usd,cbse,spot,btc-usd
2020-08-06,11756.75,11916.68,11580.19,11773.89,17778.57720926121,11765.058834222249,112115.0,cbse/btc-usd,cbse,spot,btc-usd
2020-08-05,11197.05,11798.87,11073.7,11756.75,16173.227999081784,11549.269274330234,116103.0,cbse/btc-usd,cbse,spot,btc-usd
2020-08-04,11233.16,11417.11,11006.16,11197.04,11728.613793230357,11219.32010772859,115189.0,cbse/btc-usd,cbse,spot,btc-usd
2020-08-03,11067.46,11486.6,10911.74,11233.13,13534.564636321586,11279.362971737075,110622.0,cbse/btc-usd,cbse,spot,btc-usd
2020-08-02,11810.07,12134.29,10546.15,11068.54,25596.58670495726,11327.363073541665,164374.0,cbse/btc-usd,cbse,spot,btc-usd
2020-08-01,11351.61,11888.0,11237.82,11810.07,18118.842477271097,11631.706751799888,161608.0,cbse/btc-usd,cbse,spot,btc-usd
2020-07-31,11115.99,11460.0,10975.0,11351.62,15646.034522260898,11244.931462976077,131267.0,cbse/btc-usd,cbse,spot,btc-usd
2020-07-30,11108.16,11188.65,10811.0,11115.98,11165.369127429529,11032.801635123125,106509.0,cbse/btc-usd,cbse,spot,btc-usd
2020-07-29,10934.22,11350.0,10843.47,11110.12,18119.819737069196,11120.825761944536,135074.0,cbse/btc-usd,cbse,spot,btc-usd
2020-07-28,11048.05,11259.0,10575.0,10934.23,25415.169629992484,10989.943229993502,170076.0,cbse/btc-usd,cbse,spot,btc-usd
2020-07-27,9941.0,11420.0,9935.0,11048.92,40035.401399156355,10655.226718845648,229856.0,cbse/btc-usd,cbse,spot,btc-usd
2020-07-26,9711.79,10150.0,9661.35,9941.0,11377.906791511234,9900.210564387195,91466.0,cbse/btc-usd,cbse,spot,btc-usd
2020-07-25,9551.21,9747.76,9536.64,9711.35,6961.350775240625,9642.361928247046,71558.0,cbse/btc-usd,cbse,spot,btc-usd
2020-07-24,9613.24,9645.55,9475.7,9551.21,9781.271971200344,9562.647545305275,76359.0,cbse/btc-usd,cbse,spot,btc-usd
2020-07-23,9536.2,9686.0,9450.04,9613.24,12782.506345901478,9555.369628604858,98032.0,cbse/btc-usd,cbse,spot,btc-usd
2020-07-22,9394.14,9567.77,9277.0,9536.18,9641.780398380386,9401.74429960732,83108.0,cbse/btc-usd,cbse,spot,btc-usd
2020-07-21,9161.05,9438.0,9157.04,9394.14,9395.656749290605,9338.12315460311,72725.0,cbse/btc-usd,cbse,spot,btc-usd
2020-07-20,9214.01,9223.51,9131.0,9161.05,5797.757122280215,9174.10207171019,60114.0,cbse/btc-usd,cbse,spot,btc-usd
2020-07-19,9175.83,9245.03,9105.37,9212.87,3503.8114871300054,9160.876425041266,49716.0,cbse/btc-usd,cbse,spot,btc-usd
2020-07-18,9154.29,9210.0,9122.65,9175.85,4119.97725938004,9164.80123211852,53746.0,cbse/btc-usd,cbse,spot,btc-usd
2020-07-17,9130.93,9182.99,9054.99,9154.29,6328.434417750303,9131.48098064911,60949.0,cbse/btc-usd,cbse,spot,btc-usd
2020-07-16,9190.8,9216.02,9005.0,9130.11,8557.656436060366,9117.79035455416,72218.0,cbse/btc-usd,cbse,spot,btc-usd
2020-07-15,9256.94,9273.98,9154.01,9190.16,7195.975334820336,9214.85708807694,66950.0,cbse/btc-usd,cbse,spot,btc-usd
2020-07-14,9236.91,9280.0,9100.0,9256.94,7317.121482780417,9218.630127165996,61352.0,cbse/btc-usd,cbse,spot,btc-usd
2020-07-13,9303.38,9339.61,9193.52,9236.92,8670.675335870445,9274.251082180463,65798.0,cbse/btc-usd,cbse,spot,btc-usd
2020-07-12,9235.0,9347.53,9159.33,9303.37,5371.772112840203,9248.047873693149,48406.0,cbse/btc-usd,cbse,spot,btc-usd
2020-07-11,9291.04,9303.04,9182.35,9235.0,3369.2172872500128,9235.556496512185,46307.0,cbse/btc-usd,cbse,spot,btc-usd
2020-07-10,9236.95,9322.23,9118.0,9291.05,6788.761561910339,9198.057276723144,57859.0,cbse/btc-usd,cbse,spot,btc-usd
2020-07-09,9435.28,9446.62,9154.79,9236.95,8365.052291560418,9294.908150833167,65647.0,cbse/btc-usd,cbse,spot,btc-usd
2020-07-08,9253.94,9475.0,9232.2,9435.28,10039.500584200588,9371.420133543263,76576.0,cbse/btc-usd,cbse,spot,btc-usd
2020-07-07,9343.31,9379.34,9201.57,9253.94,6325.262397810382,9266.513026162624,59025.0,cbse/btc-usd,cbse,spot,btc-usd
2020-07-06,9074.37,9375.9,9061.59,9343.31,9816.953127250541,9242.40401299648,68609.0,cbse/btc-usd,cbse,spot,btc-usd
2020-07-05,9138.51,9145.0,8905.84,9074.39,4558.544680410066,9044.014499858762,48966.0,cbse/btc-usd,cbse,spot,btc-usd
2020-07-04,9059.73,9195.84,9039.84,9138.51,5300.788233240205,9114.033687732232,46536.0,cbse/btc-usd,cbse,spot,btc-usd
2020-07-03,9091.98,9126.12,9036.74,9063.88,7726.604933090432,9093.085182929355,58517.0,cbse/btc-usd,cbse,spot,btc-usd
2020-07-02,9239.41,9265.0,8938.0,9091.53,10330.445482450315,9120.89572934976,74653.0,cbse/btc-usd,cbse,spot,btc-usd
2020-07-01,9135.91,9297.2,9088.0,9239.97,7509.585777390514,9200.750259272856,72900.0,cbse/btc-usd,cbse,spot,btc-usd
2020-06-30,9188.79,9201.0,9059.6,9136.2,6820.867408990331,9148.265012801969,60531.0,cbse/btc-usd,cbse,spot,btc-usd
2020-06-29,9113.23,9236.75,9014.0,9184.45,8640.296563180238,9116.003080979632,58437.0,cbse/btc-usd,cbse,spot,btc-usd
2020-06-28,9002.38,9189.0,8931.77,9113.24,5468.218542050152,9067.022210615325,51361.0,cbse/btc-usd,cbse,spot,btc-usd
2020-06-27,9155.42,9188.14,8815.01,9002.46,8033.6802641804225,9033.420862653687,69916.0,cbse/btc-usd,cbse,spot,btc-usd
2020-06-26,9242.98,9291.73,9027.62,9155.42,10645.312087000495,9162.118278633805,79076.0,cbse/btc-usd,cbse,spot,btc-usd
2020-06-25,9285.94,9335.0,8979.07,9243.51,12963.181052441107,9188.185752182104,87162.0,cbse/btc-usd,cbse,spot,btc-usd
2020-06-24,9623.56,9663.38,9195.0,9285.91,12824.082546430493,9364.372152342541,79867.0,cbse/btc-usd,cbse,spot,btc-usd
2020-06-23,9690.67,9724.53,9572.22,9623.56,7945.664619970401,9640.742975479683,65078.0,cbse/btc-usd,cbse,spot,btc-usd
2020-06-22,9286.14,9792.0,9267.58,9690.68,11441.614982550833,9546.039690539748,73993.0,cbse/btc-usd,cbse,spot,btc-usd
2020-06-21,9355.74,9419.35,9273.0,9286.14,3034.2436821800306,9341.833626116746,42890.0,cbse/btc-usd,cbse,spot,btc-usd
2020-06-20,9300.42,9391.71,9161.0,9355.74,6570.868391390201,9292.11326897263,58832.0,cbse/btc-usd,cbse,spot,btc-usd
2020-06-19,9376.14,9430.0,9229.0,9300.36,7700.382045420193,9325.31216765784,67913.0,cbse/btc-usd,cbse,spot,btc-usd
2020-06-18,9457.51,9482.66,9267.18,9376.14,6264.549494680099,9395.824161291965,61837.0,cbse/btc-usd,cbse,spot,btc-usd
2020-06-17,9526.25,9558.48,9227.03,9457.52,8780.637481020327,9415.409781887009,71880.0,cbse/btc-usd,cbse,spot,btc-usd
2020-06-16,9428.37,9592.04,9381.0,9526.25,10142.350000270919,9496.872642670734,75628.0,cbse/btc-usd,cbse,spot,btc-usd
2020-06-15,9328.63,9499.0,8895.01,9426.01,17586.074641352236,9208.149509067283,115020.0,cbse/btc-usd,cbse,spot,btc-usd
2020-06-14,9475.0,9481.0,9240.0,9329.91,4664.9107775702705,9378.258169977855,55093.0,cbse/btc-usd,cbse,spot,btc-usd
2020-06-13,9464.71,9494.45,9346.0,9475.0,4546.240512750365,9425.891252896345,55223.0,cbse/btc-usd,cbse,spot,btc-usd
2020-06-12,9268.16,9552.87,9227.0,9464.17,10927.407649280914,9406.751813037858,81939.0,cbse/btc-usd,cbse,spot,btc-usd
2020-06-11,9894.35,9973.25,9050.71,9268.16,23200.345731130175,9519.18076901386,135955.0,cbse/btc-usd,cbse,spot,btc-usd
2020-06-10,9779.7,10018.67,9690.0,9894.04,11092.32325357174,9819.323281274032,90235.0,cbse/btc-usd,cbse,spot,btc-usd
2020-06-09,9781.51,9886.0,9567.33,9780.61,9457.912224801263,9722.08845064113,78807.0,cbse/btc-usd,cbse,spot,btc-usd
2020-06-08,9750.12,9815.0,9641.02,9781.51,8251.29789946117,9722.11922295857,69161.0,cbse/btc-usd,cbse,spot,btc-usd
2020-06-07,9670.28,9822.0,9370.0,9750.12,10549.10315337207,9604.685239309165,73641.0,cbse/btc-usd,cbse,spot,btc-usd
2020-06-06,9613.42,9735.13,9526.03,9671.7,6345.770343841113,9625.529571832578,57637.0,cbse/btc-usd,cbse,spot,btc-usd
2020-06-05,9791.96,9855.0,9589.04,9613.21,12080.541368861106,9716.548770746993,83862.0,cbse/btc-usd,cbse,spot,btc-usd
2020-06-04,9668.06,9888.0,9450.0,9788.05,11696.833725022321,9721.310357057206,86573.0,cbse/btc-usd,cbse,spot,btc-usd
2020-06-03,9521.53,9695.0,9385.22,9668.07,11250.609632201158,9554.316209101871,78321.0,cbse/btc-usd,cbse,spot,btc-usd
2020-06-02,10208.96,10237.6,9285.39,9522.46,29786.965577106308,9822.163443444739,134709.0,cbse/btc-usd,cbse,spot,btc-usd
2020-06-01,9445.83,10428.0,9417.42,10208.96,18832.55177207044,9862.45658895545,107729.0,cbse/btc-usd,cbse,spot,btc-usd
2020-05-31,9700.32,9705.6,9369.58,9446.57,7808.0393830606845,9540.527566391402,62137.0,cbse/btc-usd,cbse,spot,btc-usd
2020-05-30,9423.85,9764.0,9326.43,9700.33,9664.359648531015,9530.367957319644,73312.0,cbse/btc-usd,cbse,spot,btc-usd
2020-05-29,9580.01,9609.02,9330.01,9423.84,10207.334840621032,9454.791470601638,81664.0,cbse/btc-usd,cbse,spot,btc-usd
2020-05-28,9208.53,9625.0,9112.0,9580.2,13830.111834971374,9381.931763503731,88942.0,cbse/btc-usd,cbse,spot,btc-usd
2020-05-27,8844.41,9230.0,8811.46,9208.53,10694.847062141049,9080.658001170043,77504.0,cbse/btc-usd,cbse,spot,btc-usd
2020-05-26,8900.0,9016.99,8694.23,8844.42,11340.937543321215,8847.828367003753,78939.0,cbse/btc-usd,cbse,spot,btc-usd
2020-05-25,8715.69,8977.0,8632.93,8899.31,12091.061459141538,8806.57131161574,94659.0,cbse/btc-usd,cbse,spot,btc-usd
2020-05-24,9181.09,9306.23,8680.7,8715.73,11709.848731271079,9010.973523116247,80363.0,cbse/btc-usd,cbse,spot,btc-usd
2020-05-23,9168.84,9313.83,9090.11,9181.76,6848.42898357042,9207.980980042234,62927.0,cbse/btc-usd,cbse,spot,btc-usd
2020-05-22,9059.32,9267.34,8923.5,9168.84,13647.810398401174,9121.241607903123,99939.0,cbse/btc-usd,cbse,spot,btc-usd
2020-05-21,9509.4,9568.0,8800.0,9061.96,26411.59085531844,9144.435807141712,146808.0,cbse/btc-usd,cbse,spot,btc-usd
2020-05-20,9783.57,9836.99,9294.54,9509.41,15590.703432811175,9604.967899379513,94507.0,cbse/btc-usd,cbse,spot,btc-usd
2020-05-19,9728.52,9898.0,9463.22,9781.89,14782.425332461604,9670.737720585377,93104.0,cbse/btc-usd,cbse,spot,btc-usd
2020-05-18,9677.45,9957.25,9442.97,9728.52,16507.665478762094,9737.842514426624,99047.0,cbse/btc-usd,cbse,spot,btc-usd
2020-05-17,9380.01,9896.0,9325.81,9676.63,13049.30810735249,9673.962004784713,90260.0,cbse/btc-usd,cbse,spot,btc-usd
2020-05-16,9312.1,9594.99,9215.01,9383.16,10651.996421681704,9401.407873763525,84201.0,cbse/btc-usd,cbse,spot,btc-usd
2020-05-15,9795.34,9849.0,9120.0,9312.1,23152.116696100577,9472.567211937025,143160.0,cbse/btc-usd,cbse,spot,btc-usd
2020-05-14,9320.85,9943.93,9257.15,9795.34,27932.425450888033,9626.587931135418,136278.0,cbse/btc-usd,cbse,spot,btc-usd
2020-05-13,8821.41,9420.18,8803.97,9321.26,21202.067664339706,9130.091214955042,117121.0,cbse/btc-usd,cbse,spot,btc-usd
2020-05-12,8572.4,8982.9,8534.85,8821.42,20026.892879561306,8787.976290820325,121233.0,cbse/btc-usd,cbse,spot,btc-usd
2020-05-11,8729.86,9182.66,8185.0,8572.4,37511.68692675606,8690.654887170704,188629.0,cbse/btc-usd,cbse,spot,btc-usd
2020-05-10,9537.21,9559.98,8106.7,8729.86,43076.857553164315,8675.340937958716,232068.0,cbse/btc-usd,cbse,spot,btc-usd
2020-05-09,9810.01,9920.73,9521.0,9537.21,17372.335194042207,9707.86602858955,121234.0,cbse/btc-usd,cbse,spot,btc-usd
2020-05-08,10000.37,10049.0,9730.0,9810.0,25765.958605459477,9927.416644726105,151177.0,cbse/btc-usd,cbse,spot,btc-usd
2020-05-07,9155.79,10079.0,9028.89,10004.77,36974.486837977056,9651.702447373254,179705.0,cbse/btc-usd,cbse,spot,btc-usd
2020-05-06,9028.78,9418.0,8922.13,9156.28,26649.30705530051,9217.972826828152,123339.0,cbse/btc-usd,cbse,spot,btc-usd
2020-05-05,8887.81,9126.27,8769.69,9028.79,16100.08375017171,8940.154593195848,92574.0,cbse/btc-usd,cbse,spot,btc-usd
2020-05-04,8907.85,8970.0,8533.98,8883.53,18063.81052149162,8770.737702589106,99858.0,cbse/btc-usd,cbse,spot,btc-usd
2020-05-03,8984.69,9203.52,8731.01,8909.95,16255.752161631819,8981.000936269747,101788.0,cbse/btc-usd,cbse,spot,btc-usd
2020-05-02,8829.42,9025.0,8762.01,8983.78,10397.319275911626,8893.950428654605,82915.0,cbse/btc-usd,cbse,spot,btc-usd
2020-05-01,8624.68,9075.98,8622.72,8829.42,21399.131733900922,8798.580336549361,121227.0,cbse/btc-usd,cbse,spot,btc-usd
2020-04-30,8794.99,9478.66,8407.0,8629.25,42495.418693885964,8907.731935968082,198275.0,cbse/btc-usd,cbse,spot,btc-usd
2020-04-29,7757.18,8988.0,7720.0,8793.75,45684.05211239997,8420.078251838278,181990.0,cbse/btc-usd,cbse,spot,btc-usd
2020-04-28,7789.77,7794.74,7672.0,7757.19,10961.96797111101,7730.128523281174,71900.0,cbse/btc-usd,cbse,spot,btc-usd
2020-04-27,7706.4,7810.99,7635.69,7789.77,14995.828340790682,7713.720905406646,82333.0,cbse/btc-usd,cbse,spot,btc-usd
2020-04-26,7547.61,7715.0,7491.0,7706.4,8951.820257200807,7616.105658130079,67684.0,cbse/btc-usd,cbse,spot,btc-usd
2020-04-25,7514.99,7720.0,7437.94,7547.61,7047.0990770810085,7551.897598286059,67461.0,cbse/btc-usd,cbse,spot,btc-usd
2020-04-24,7491.5,7612.24,7390.0,7514.64,13527.200441190915,7517.551842797292,83143.0,cbse/btc-usd,cbse,spot,btc-usd
2020-04-23,7136.81,7775.0,7031.14,7488.83,20347.454824018037,7413.74716776481,110232.0,cbse/btc-usd,cbse,spot,btc-usd
2020-04-22,6853.67,7167.37,6826.0,7136.84,13071.18946863134,7036.273059522962,71323.0,cbse/btc-usd,cbse,spot,btc-usd
2020-04-21,6837.22,6959.0,6776.0,6853.68,14411.324303300618,6861.591718858933,77687.0,cbse/btc-usd,cbse,spot,btc-usd
2020-04-20,7130.7,7227.11,6748.72,6838.72,17378.095468451666,6979.015428544057,86982.0,cbse/btc-usd,cbse,spot,btc-usd
2020-04-19,7262.04,7275.0,7063.02,7130.71,8696.422319240335,7162.382150687269,55372.0,cbse/btc-usd,cbse,spot,btc-usd
2020-04-18,7036.45,7308.0,7021.0,7261.76,11262.285552230525,7193.972213503974,65831.0,cbse/btc-usd,cbse,spot,btc-usd
2020-04-17,7114.76,7156.66,7000.0,7037.46,13364.88029314073,7069.551426188187,70021.0,cbse/btc-usd,cbse,spot,btc-usd
2020-04-16,6623.62,7217.27,6456.0,7112.65,26859.92039790997,6940.608730840647,102843.0,cbse/btc-usd,cbse,spot,btc-usd
2020-04-15,6876.92,6940.0,6605.89,6624.12,14423.918284590776,6765.17000534575,84362.0,cbse/btc-usd,cbse,spot,btc-usd
2020-04-14,6860.51,6997.38,6771.41,6877.37,12777.057315280941,6886.954997924871,68016.0,cbse/btc-usd,cbse,spot,btc-usd
2020-04-13,6908.12,6908.13,6555.0,6861.21,21374.893676070682,6747.570794869203,84103.0,cbse/btc-usd,cbse,spot,btc-usd
2020-04-12,6889.78,7200.0,6787.44,6908.13,12587.039714460825,7008.822670527133,61396.0,cbse/btc-usd,cbse,spot,btc-usd
2020-04-11,6871.83,6955.0,6775.0,6889.65,8032.575307970309,6862.42513159377,55625.0,cbse/btc-usd,cbse,spot,btc-usd
2020-04-10,7293.23,7305.91,6750.0,6871.91,18811.840301770615,6946.584802672414,96541.0,cbse/btc-usd,cbse,spot,btc-usd
2020-04-09,7370.38,7377.0,7110.0,7293.24,11984.333211840501,7289.555465383643,68761.0,cbse/btc-usd,cbse,spot,btc-usd
2020-04-08,7200.01,7430.0,7154.22,7370.12,15178.960401171107,7311.436633897847,68743.0,cbse/btc-usd,cbse,spot,btc-usd
2020-04-07,7341.55,7466.0,7073.0,7200.01,21919.26681614096,7315.338690538301,87134.0,cbse/btc-usd,cbse,spot,btc-usd
2020-04-06,6778.64,7373.37,6773.28,7341.56,26926.47908499033,7113.298847587605,96507.0,cbse/btc-usd,cbse,spot,btc-usd
2020-04-05,6874.77,6925.0,6681.0,6778.25,8727.687246330252,6791.807151090505,50154.0,cbse/btc-usd,cbse,spot,btc-usd
2020-04-04,6741.99,7025.53,6658.16,6874.77,9678.347025310346,6804.266240510521,52973.0,cbse/btc-usd,cbse,spot,btc-usd
2020-04-03,6804.24,7050.0,6606.06,6741.99,14685.29028722057,6815.101706570785,65595.0,cbse/btc-usd,cbse,spot,btc-usd
2020-04-02,6666.11,7292.11,6570.92,6804.52,27498.078963599874,6833.32092247198,92558.0,cbse/btc-usd,cbse,spot,btc-usd
2020-04-01,6424.02,6744.99,6160.0,6666.11,17445.00977947088,6345.5423476447795,76550.0,cbse/btc-usd,cbse,spot,btc-usd
2020-03-31,6406.4,6524.79,6333.91,6421.42,11791.020775550718,6452.150217417109,61188.0,cbse/btc-usd,cbse,spot,btc-usd
2020-03-30,5878.98,6631.23,5853.0,6406.4,23093.46671126123,6309.653508536777,85285.0,cbse/btc-usd,cbse,spot,btc-usd
2020-03-29,6251.45,6279.96,5870.46,5877.21,15505.28680340043,6059.215268016861,75377.0,cbse/btc-usd,cbse,spot,btc-usd
2020-03-28,6372.36,6372.36,6030.0,6251.82,20126.39342346008,6217.554377102851,85886.0,cbse/btc-usd,cbse,spot,btc-usd
2020-03-27,6760.0,6880.0,6260.0,6372.36,19568.865615280058,6670.20404086691,85215.0,cbse/btc-usd,cbse,spot,btc-usd
2020-03-26,6691.71,6795.0,6520.13,6758.18,17198.855191610484,6678.674795010895,75067.0,cbse/btc-usd,cbse,spot,btc-usd
2020-03-25,6766.0,6983.31,6470.0,6690.96,30683.36506085922,6670.4299069363215,96285.0,cbse/btc-usd,cbse,spot,btc-usd
2020-03-24,6493.58,6866.1,6403.16,6766.64,39747.429021787335,6656.272324938373,116045.0,cbse/btc-usd,cbse,spot,btc-usd
2020-03-23,5815.24,6641.03,5678.2,6490.65,40894.35173508715,6207.515455767258,111124.0,cbse/btc-usd,cbse,spot,btc-usd
2020-03-22,6198.64,6420.0,5738.0,5818.25,27324.904688759205,6047.985552539723,88041.0,cbse/btc-usd,cbse,spot,btc-usd
2020-03-21,6210.47,6470.0,5851.0,6198.78,22896.544712610008,6179.920182544547,84518.0,cbse/btc-usd,cbse,spot,btc-usd
2020-03-20,6183.82,6990.0,5657.0,6206.1,52000.1940156156,6364.139418847189,157187.0,cbse/btc-usd,cbse,spot,btc-usd
2020-03-19,5413.88,6441.37,5261.69,6186.26,53001.16910328615,5937.808813473443,154968.0,cbse/btc-usd,cbse,spot,btc-usd
2020-03-18,5331.71,5452.82,5001.0,5413.64,36636.57060017852,5273.434961600703,109975.0,cbse/btc-usd,cbse,spot,btc-usd
2020-03-17,5039.95,5569.44,4935.6,5331.71,43687.00599662723,5310.632225350395,129549.0,cbse/btc-usd,cbse,spot,btc-usd
2020-03-16,5346.86,5350.3,4432.3,5037.61,77157.60165525123,4911.129820405512,201312.0,cbse/btc-usd,cbse,spot,btc-usd
2020-03-15,5161.16,5985.0,5085.91,5345.35,42748.26600970747,5388.9070378506585,119106.0,cbse/btc-usd,cbse,spot,btc-usd
2020-03-14,5630.93,5669.0,5050.0,5165.25,32469.337251381326,5386.772831981607,113487.0,cbse/btc-usd,cbse,spot,btc-usd
2020-03-13,4857.1,5995.0,3858.04,5637.6,122787.82712692583,5170.765905397925,399360.0,cbse/btc-usd,cbse,spot,btc-usd
2020-03-12,7938.05,7969.45,4644.0,4857.1,105124.4389906731,6098.377757758961,369599.0,cbse/btc-usd,cbse,spot,btc-usd
2020-03-11,7894.68,7987.97,7583.27,7938.05,13358.4670650708,7805.889757941699,68928.0,cbse/btc-usd,cbse,spot,btc-usd
2020-03-10,7934.56,8158.25,7733.56,7894.68,16752.51350257087,7950.405520462,77238.0,cbse/btc-usd,cbse,spot,btc-usd
2020-03-09,8037.73,8187.03,7630.0,7934.55,25128.477744629006,7850.503507473691,111014.0,cbse/btc-usd,cbse,spot,btc-usd
2020-03-08,8901.36,8901.37,8002.2,8037.76,15696.78525671124,8408.266474153928,81651.0,cbse/btc-usd,cbse,spot,btc-usd
2020-03-07,9158.51,9214.67,8850.47,8901.37,6184.662090330168,9015.193528325033,47706.0,cbse/btc-usd,cbse,spot,btc-usd
2020-03-06,9070.18,9182.08,9000.01,9158.51,6422.128852540171,9093.010159830916,47616.0,cbse/btc-usd,cbse,spot,btc-usd
2020-03-05,8759.99,9174.24,8759.99,9070.17,9856.440932950389,9026.478928657934,56782.0,cbse/btc-usd,cbse,spot,btc-usd
2020-03-04,8757.83,8847.0,8670.57,8760.66,5673.233034920074,8755.46632540234,44652.0,cbse/btc-usd,cbse,spot,btc-usd
2020-03-03,8919.21,8927.45,8635.31,8757.84,8965.267849270587,8775.2853905579,55466.0,cbse/btc-usd,cbse,spot,btc-usd
2020-03-02,8522.3,8973.45,8487.33,8915.0,10216.37118374064,8772.562074522768,62554.0,cbse/btc-usd,cbse,spot,btc-usd
2020-03-01,8523.33,8752.34,8400.0,8522.31,7228.328261820513,8550.699583077143,62972.0,cbse/btc-usd,cbse,spot,btc-usd
2020-02-29,8708.61,8799.0,8520.67,8525.07,5135.136827230208,8668.142566626831,48265.0,cbse/btc-usd,cbse,spot,btc-usd
2020-02-28,8814.9,8899.94,8428.8,8708.89,13391.544827911195,8655.280929921237,78227.0,cbse/btc-usd,cbse,spot,btc-usd
2020-02-27,8778.3,8972.92,8520.0,8812.49,14693.754089861595,8780.291721381816,84355.0,cbse/btc-usd,cbse,spot,btc-usd
2020-02-26,9304.99,9375.36,8609.91,8778.3,20089.84502578043,8958.143377839266,103904.0,cbse/btc-usd,cbse,spot,btc-usd
2020-02-25,9660.0,9681.56,9230.0,9305.0,9139.052931090962,9433.790399564554,63236.0,cbse/btc-usd,cbse,spot,btc-usd
2020-02-24,9965.0,10030.0,9474.74,9660.0,10866.216730310825,9713.775549511163,64061.0,cbse/btc-usd,cbse,spot,btc-usd
2020-02-23,9668.23,10025.66,9667.13,9965.01,5478.31251730023,9884.133565409662,43916.0,cbse/btc-usd,cbse,spot,btc-usd
2020-02-22,9695.66,9722.97,9575.01,9668.23,3301.243628230025,9663.233044629435,38749.0,cbse/btc-usd,cbse,spot,btc-usd
2020-02-21,9610.05,9769.66,9567.56,9695.66,6902.610562070499,9686.211589961915,55257.0,cbse/btc-usd,cbse,spot,btc-usd
2020-02-20,9593.48,9698.1,9393.39,9610.05,12147.375752480553,9574.032835655202,72326.0,cbse/btc-usd,cbse,spot,btc-usd
2020-02-19,10188.04,10315.0,9285.26,9600.08,15246.324038961224,9952.193518141012,75134.0,cbse/btc-usd,cbse,spot,btc-usd
2020-02-18,9700.0,10298.25,9610.27,10188.04,11423.330072411194,9925.236065854651,65919.0,cbse/btc-usd,cbse,spot,btc-usd
2020-02-17,9920.52,9969.38,9467.0,9700.0,9906.37106000096,9680.040207598404,64960.0,cbse/btc-usd,cbse,spot,btc-usd
2020-02-16,9911.22,10048.34,9612.12,9922.0,9291.118251850918,9857.192961031538,62318.0,cbse/btc-usd,cbse,spot,btc-usd
2020-02-15,10371.33,10400.0,9750.0,9911.22,11214.451524320904,10056.729548176041,71492.0,cbse/btc-usd,cbse,spot,btc-usd
2020-02-14,10236.49,10395.66,10102.5,10371.33,8025.441739220229,10274.448791834051,60304.0,cbse/btc-usd,cbse,spot,btc-usd
2020-02-13,10351.13,10522.51,10083.1,10236.49,16445.308658771177,10287.571823023482,81317.0,cbse/btc-usd,cbse,spot,btc-usd
2020-02-12,10270.01,10483.86,10250.0,10351.13,13721.54927781067,10349.116878039362,78769.0,cbse/btc-usd,cbse,spot,btc-usd
2020-02-11,9851.78,10400.0,9706.0,10270.01,16333.722075491121,10046.499053608386,74897.0,cbse/btc-usd,cbse,spot,btc-usd
2020-02-10,10168.36,10199.0,9736.0,9851.78,12701.886223040718,9930.724391338554,63835.0,cbse/btc-usd,cbse,spot,btc-usd
2020-02-09,9905.64,10178.91,9888.76,10168.84,9099.87820125034,10067.235937161553,59102.0,cbse/btc-usd,cbse,spot,btc-usd
2020-02-08,9807.92,9955.0,9653.47,9905.64,7816.0697894904215,9819.659109404774,50132.0,cbse/btc-usd,cbse,spot,btc-usd
2020-02-07,9763.01,9885.0,9713.99,9808.05,8496.845509490417,9781.037833643262,56731.0,cbse/btc-usd,cbse,spot,btc-usd
2020-02-06,9613.91,9857.0,9521.47,9763.01,12657.533422301083,9703.274740364437,63046.0,cbse/btc-usd,cbse,spot,btc-usd
2020-02-05,9164.33,9769.7,9150.0,9613.82,13114.130478460924,9518.782434748173,68609.0,cbse/btc-usd,cbse,spot,btc-usd
2020-02-04,9280.49,9350.0,9078.05,9164.33,8013.185571380492,9192.382961487814,52725.0,cbse/btc-usd,cbse,spot,btc-usd
2020-02-03,9325.01,9619.95,9220.0,9280.49,11378.182171220524,9351.52744460314,55018.0,cbse/btc-usd,cbse,spot,btc-usd
2020-02-02,9380.18,9480.0,9140.0,9323.5,7163.183423610175,9350.799586732868,50753.0,cbse/btc-usd,cbse,spot,btc-usd
2020-02-01,9334.98,9458.08,9285.01,9380.18,4387.419862020079,9371.818967924584,47614.0,cbse/btc-usd,cbse,spot,btc-usd
2020-01-31,9502.71,9522.5,9195.49,9334.98,9633.008717520488,9326.526823784756,54814.0,cbse/btc-usd,cbse,spot,btc-usd
2020-01-30,9287.9,9574.68,9171.11,9503.08,12300.659291300768,9386.751982406717,55508.0,cbse/btc-usd,cbse,spot,btc-usd
2020-01-29,9391.14,9439.83,9224.75,9288.44,12158.807672650564,9334.554529383486,57906.0,cbse/btc-usd,cbse,spot,btc-usd
2020-01-28,8895.95,9418.91,8880.87,9395.0,16876.853935681283,9086.203826806355,68871.0,cbse/btc-usd,cbse,spot,btc-usd
2020-01-27,8595.0,8985.0,8556.6,8895.96,9509.36378950045,8777.697801943705,50363.0,cbse/btc-usd,cbse,spot,btc-usd
2020-01-26,8326.8,8595.0,8278.68,8595.0,5495.507982680214,8458.25262990382,35875.0,cbse/btc-usd,cbse,spot,btc-usd
2020-01-25,8427.58,8437.76,8252.73,8326.81,3781.7907833900626,8324.061594629546,35922.0,cbse/btc-usd,cbse,spot,btc-usd
2020-01-24,8385.21,8509.99,8216.71,8427.26,8619.18614902032,8388.424487837141,47835.0,cbse/btc-usd,cbse,spot,btc-usd
2020-01-23,8660.38,8665.0,8278.0,8385.22,12074.223899820307,8415.750416741608,54891.0,cbse/btc-usd,cbse,spot,btc-usd
2020-01-22,8722.03,8791.76,8565.0,8660.38,5391.89572243024,8661.311057383085,38314.0,cbse/btc-usd,cbse,spot,btc-usd
2020-01-21,8628.89,8774.31,8465.0,8722.03,7286.573086240267,8633.532434659752,41425.0,cbse/btc-usd,cbse,spot,btc-usd
2020-01-20,8697.53,8734.84,8504.06,8628.89,5604.671864850261,8637.66946796189,40159.0,cbse/btc-usd,cbse,spot,btc-usd
2020-01-19,8908.95,9194.99,8465.0,8697.53,14150.944157810574,8826.236927989543,67776.0,cbse/btc-usd,cbse,spot,btc-usd
2020-01-18,8899.42,8980.0,8800.1,8909.32,5523.022669990127,8898.785040192362,46112.0,cbse/btc-usd,cbse,spot,btc-usd
2020-01-17,8714.77,9013.0,8665.67,8899.42,15311.407010831055,8873.683319460975,76141.0,cbse/btc-usd,cbse,spot,btc-usd
2020-01-16,8808.81,8850.0,8580.0,8714.76,9263.848300810461,8674.885519535845,59510.0,cbse/btc-usd,cbse,spot,btc-usd
2020-01-15,8812.58,8900.0,8550.0,8808.81,14840.912053770806,8758.376852476791,74233.0,cbse/btc-usd,cbse,spot,btc-usd
2020-01-14,8105.6,8893.69,8105.23,8815.69,26792.295654449215,8586.28829543681,95650.0,cbse/btc-usd,cbse,spot,btc-usd
2020-01-13,8180.81,8195.81,8041.95,8104.5,6678.02840315023,8102.024772071141,37277.0,cbse/btc-usd,cbse,spot,btc-usd
2020-01-12,8017.47,8185.0,7963.25,8180.81,3894.653625040119,8105.776184873582,36889.0,cbse/btc-usd,cbse,spot,btc-usd
2020-01-11,8198.09,8290.0,8000.01,8020.0,7491.337936130711,8131.474084826603,50734.0,cbse/btc-usd,cbse,spot,btc-usd
2020-01-10,7813.78,8199.77,7671.0,8198.09,13416.903470370637,7937.250943540824,61589.0,cbse/btc-usd,cbse,spot,btc-usd
2020-01-09,8047.75,8048.67,7744.48,7813.78,9370.402521130627,7890.037309764535,50991.0,cbse/btc-usd,cbse,spot,btc-usd
2020-01-08,8160.01,8469.39,7845.0,8045.51,23751.850286707675,8209.009255816507,89405.0,cbse/btc-usd,cbse,spot,btc-usd
2020-01-07,7764.63,8216.0,7723.0,8158.52,19583.293860310285,7967.052478938378,79661.0,cbse/btc-usd,cbse,spot,btc-usd
2020-01-06,7355.4,7805.0,7343.17,7764.63,11647.30345182103,7570.072434987675,56253.0,cbse/btc-usd,cbse,spot,btc-usd
2020-01-05,7348.63,7488.87,7312.22,7355.4,5940.285729330754,7426.822527673589,43076.0,cbse/btc-usd,cbse,spot,btc-usd
2020-01-04,7334.45,7398.0,7263.32,7348.63,4742.46620989018,7323.80179458268,40524.0,cbse/btc-usd,cbse,spot,btc-usd
2020-01-03,6945.02,7401.2,6854.67,7334.45,13979.417430680873,7228.561362500887,65430.0,cbse/btc-usd,cbse,spot,btc-usd
2020-01-02,7174.33,7186.18,6903.0,6945.02,7843.958823060617,7020.696074792658,48174.0,cbse/btc-usd,cbse,spot,btc-usd
2020-01-01,7165.72,7238.14,7136.05,7174.33,3350.630048880082,7195.887552923154,35808.0,cbse/btc-usd,cbse,spot,btc-usd
2019-12-31,7218.01,7298.67,7111.0,7165.72,6755.968834860135,7187.361541589315,43482.0,cbse/btc-usd,cbse,spot,btc-usd
2019-12-30,7384.57,7386.28,7200.0,7218.0,7206.407032770239,7282.770791212858,37274.0,cbse/btc-usd,cbse,spot,btc-usd
2019-12-29,7302.67,7518.78,7278.07,7385.29,6233.54729228009,7396.056278350086,34770.0,cbse/btc-usd,cbse,spot,btc-usd
2019-12-28,7245.83,7346.0,7232.55,7302.67,4615.250505210095,7302.3726314873375,35074.0,cbse/btc-usd,cbse,spot,btc-usd
2019-12-27,7194.13,7254.0,7053.32,7245.83,8376.051086380181,7181.25129279322,42960.0,cbse/btc-usd,cbse,spot,btc-usd
2019-12-26,7192.12,7432.1,7140.0,7194.13,7268.618705310248,7250.865773264582,39366.0,cbse/btc-usd,cbse,spot,btc-usd
2019-12-25,7255.01,7265.12,7115.5,7192.12,3178.7157315199947,7196.3584061657975,29487.0,cbse/btc-usd,cbse,spot,btc-usd
2019-12-24,7310.79,7426.15,7151.08,7255.01,7653.444494070182,7288.57617122661,43431.0,cbse/btc-usd,cbse,spot,btc-usd
2019-12-23,7514.74,7688.99,7259.19,7310.79,14845.009936070765,7509.586879643376,58804.0,cbse/btc-usd,cbse,spot,btc-usd
2019-12-22,7143.01,7521.55,7125.0,7513.06,9753.485326210257,7327.058332374073,44430.0,cbse/btc-usd,cbse,spot,btc-usd
2019-12-21,7190.0,7190.0,7099.57,7143.01,3394.5121852700277,7145.0656446121575,34022.0,cbse/btc-usd,cbse,spot,btc-usd
2019-12-20,7149.13,7220.0,7073.66,7190.0,5976.281933360395,7153.269710725435,46114.0,cbse/btc-usd,cbse,spot,btc-usd
2019-12-19,7288.05,7371.7,7044.45,7149.12,10499.61833295093,7165.775313801035,57840.0,cbse/btc-usd,cbse,spot,btc-usd
2019-12-18,6616.62,7448.24,6430.0,7285.54,22258.216524957767,6868.644959268183,97408.0,cbse/btc-usd,cbse,spot,btc-usd
2019-12-17,6877.04,6933.21,6556.0,6616.62,13592.216907991859,6723.10453565484,76666.0,cbse/btc-usd,cbse,spot,btc-usd
2019-12-16,7111.0,7137.0,6809.12,6877.03,12216.30662296102,6959.683483380698,57505.0,cbse/btc-usd,cbse,spot,btc-usd
2019-12-15,7062.92,7220.01,7006.01,7111.0,4905.094421360134,7093.83802797357,43706.0,cbse/btc-usd,cbse,spot,btc-usd
2019-12-14,7249.9,7264.33,7008.03,7062.91,4313.0431514400025,7130.2534809823655,43582.0,cbse/btc-usd,cbse,spot,btc-usd
2019-12-13,7185.91,7299.21,7183.29,7249.9,6038.782348910379,7232.331190835981,45136.0,cbse/btc-usd,cbse,spot,btc-usd
2019-12-12,7201.24,7298.5,7075.01,7185.91,8379.837935330526,7184.147784090714,49773.0,cbse/btc-usd,cbse,spot,btc-usd
2019-12-11,7219.37,7263.31,7124.45,7201.23,5903.309840140233,7199.476963919305,42907.0,cbse/btc-usd,cbse,spot,btc-usd
2019-12-10,7337.51,7398.0,7156.03,7219.37,7092.486331350384,7282.685566480982,50169.0,cbse/btc-usd,cbse,spot,btc-usd
2019-12-09,7520.0,7659.38,7262.87,7337.51,9864.585107990653,7464.995018169559,46622.0,cbse/btc-usd,cbse,spot,btc-usd
2019-12-08,7502.2,7580.84,7387.5,7520.0,4235.799840830103,7488.751006467696,39422.0,cbse/btc-usd,cbse,spot,btc-usd
2019-12-07,7541.76,7643.0,7487.0,7502.19,4854.7984718701455,7540.467440354603,41196.0,cbse/btc-usd,cbse,spot,btc-usd
2019-12-06,7393.55,7609.5,7305.75,7540.08,9242.78960635045,7437.842392434312,53531.0,cbse/btc-usd,cbse,spot,btc-usd
2019-12-05,7199.0,7489.87,7152.78,7393.54,9226.708638770708,7333.767080713306,49444.0,cbse/btc-usd,cbse,spot,btc-usd
2019-12-04,7302.94,7775.0,7080.0,7197.72,15968.301164081453,7340.815382151012,66303.0,cbse/btc-usd,cbse,spot,btc-usd
2019-12-03,7305.01,7412.85,7237.26,7302.94,6169.039651760188,7328.018515492943,42686.0,cbse/btc-usd,cbse,spot,btc-usd
2019-12-02,7405.33,7430.0,7157.33,7305.01,6974.928497800219,7301.702772289667,47659.0,cbse/btc-usd,cbse,spot,btc-usd
2019-12-01,7555.92,7555.92,7237.16,7405.4,8666.584324180563,7351.815337368681,58133.0,cbse/btc-usd,cbse,spot,btc-usd
2019-11-30,7759.99,7820.0,7453.0,7555.92,6125.997613640298,7618.729556092656,44672.0,cbse/btc-usd,cbse,spot,btc-usd
2019-11-29,7432.41,7870.1,7411.0,7760.0,10849.56376230078,7646.530628455274,56494.0,cbse/btc-usd,cbse,spot,btc-usd
2019-11-28,7524.73,7660.82,7370.62,7432.41,8628.248083650458,7533.431205062532,52050.0,cbse/btc-usd,cbse,spot,btc-usd
2019-11-27,7162.67,7678.76,6850.0,7523.72,18846.31297760111,7336.45034872365,77495.0,cbse/btc-usd,cbse,spot,btc-usd
2019-11-26,7127.01,7340.59,7021.84,7162.67,11856.217434660792,7146.219139268543,55113.0,cbse/btc-usd,cbse,spot,btc-usd
2019-11-25,6908.64,7379.99,6526.0,7127.01,26821.645373847263,6949.007500279464,107848.0,cbse/btc-usd,cbse,spot,btc-usd
2019-11-24,7329.29,7344.0,6865.0,6908.64,10537.843432820842,7084.76395689426,60900.0,cbse/btc-usd,cbse,spot,btc-usd
2019-11-23,7283.19,7361.41,7102.21,7329.29,7631.52227633053,7249.895356400375,56461.0,cbse/btc-usd,cbse,spot,btc-usd
2019-11-22,7616.48,7720.0,6775.47,7283.03,32235.29331181538,7209.737222292516,136028.0,cbse/btc-usd,cbse,spot,btc-usd
2019-11-21,8082.97,8114.97,7374.5,7616.46,15312.223483651282,7706.115068376536,86709.0,cbse/btc-usd,cbse,spot,btc-usd
2019-11-20,8123.36,8222.41,8030.05,8082.96,5296.455661650093,8101.442183224056,46380.0,cbse/btc-usd,cbse,spot,btc-usd
2019-11-19,8168.84,8197.82,7980.07,8123.36,7239.635045700442,8097.776858217162,52308.0,cbse/btc-usd,cbse,spot,btc-usd
2019-11-18,8501.0,8501.01,8015.0,8168.84,9243.056228630538,8284.916101843397,58446.0,cbse/btc-usd,cbse,spot,btc-usd
2019-11-17,8481.0,8637.01,8371.02,8500.01,3711.165112949992,8517.823800235426,38198.0,cbse/btc-usd,cbse,spot,btc-usd
2019-11-16,8457.48,8531.03,8423.0,8481.0,2712.3395698200225,8471.07497277861,39943.0,cbse/btc-usd,cbse,spot,btc-usd
2019-11-15,8630.01,8773.22,8361.0,8457.48,10352.006867990693,8517.113330746839,63565.0,cbse/btc-usd,cbse,spot,btc-usd
2019-11-14,8758.34,8784.61,8558.01,8631.71,5549.056438479987,8650.065933514075,44549.0,cbse/btc-usd,cbse,spot,btc-usd
2019-11-13,8811.0,8838.8,8705.0,8758.34,4486.219596719937,8748.49485660394,39504.0,cbse/btc-usd,cbse,spot,btc-usd
2019-11-12,8721.53,8870.0,8556.56,8810.0,6006.092952800224,8721.961483146215,41926.0,cbse/btc-usd,cbse,spot,btc-usd
2019-11-11,9032.23,9067.34,8590.0,8721.54,6853.876364400186,8765.330104940625,44431.0,cbse/btc-usd,cbse,spot,btc-usd
2019-11-10,8807.89,9150.0,8731.43,9032.23,5927.334366170071,8963.138634793844,42953.0,cbse/btc-usd,cbse,spot,btc-usd
2019-11-09,8763.01,8873.48,8712.52,8807.89,4175.0073844699855,8796.732462593598,44046.0,cbse/btc-usd,cbse,spot,btc-usd
2019-11-08,9198.85,9246.0,8660.0,8763.01,12349.452148610682,8891.882165179233,72261.0,cbse/btc-usd,cbse,spot,btc-usd
2019-11-07,9341.27,9375.16,9075.0,9198.84,5890.365499449994,9219.843990102052,49917.0,cbse/btc-usd,cbse,spot,btc-usd
2019-11-06,9322.09,9450.0,9253.66,9341.27,6824.866280530179,9334.164049068493,42144.0,cbse/btc-usd,cbse,spot,btc-usd
2019-11-05,9412.63,9474.89,9169.84,9322.09,7472.019335310153,9333.715233680303,48995.0,cbse/btc-usd,cbse,spot,btc-usd
2019-11-04,9206.52,9600.0,9127.0,9412.53,8154.230742930156,9355.815560171495,47967.0,cbse/btc-usd,cbse,spot,btc-usd
2019-11-03,9308.52,9380.0,9068.3,9206.52,4211.971910810011,9198.121709690682,40941.0,cbse/btc-usd,cbse,spot,btc-usd
2019-11-02,9253.09,9393.0,9210.0,9308.52,4512.712849949986,9297.3789210954,45404.0,cbse/btc-usd,cbse,spot,btc-usd
2019-11-01,9159.96,9299.99,9057.27,9253.12,7769.761715590453,9163.062695161356,60420.0,cbse/btc-usd,cbse,spot,btc-usd
2019-10-31,9164.45,9433.0,8950.0,9159.48,8168.153357270542,9184.808517309499,50523.0,cbse/btc-usd,cbse,spot,btc-usd
2019-10-30,9431.36,9431.36,8991.33,9164.44,9703.087283060846,9168.647592885985,56118.0,cbse/btc-usd,cbse,spot,btc-usd
2019-10-29,9225.06,9575.0,9068.19,9430.8,12207.902748180766,9364.772980142709,59344.0,cbse/btc-usd,cbse,spot,btc-usd
2019-10-28,9555.89,9939.69,9180.59,9226.5,16515.918742440663,9505.160560930975,68448.0,cbse/btc-usd,cbse,spot,btc-usd
2019-10-27,9259.98,9826.72,9102.33,9548.65,19376.246529671553,9501.414590763005,73194.0,cbse/btc-usd,cbse,spot,btc-usd
2019-10-26,8668.0,10540.49,8645.01,9259.78,51337.97053094436,9466.778057911008,155332.0,cbse/btc-usd,cbse,spot,btc-usd
2019-10-25,7430.87,8800.1,7389.91,8668.0,24971.349977690683,8264.143232919452,93014.0,cbse/btc-usd,cbse,spot,btc-usd
2019-10-24,7475.54,7509.99,7359.48,7430.87,7849.547346450223,7449.344896475132,59489.0,cbse/btc-usd,cbse,spot,btc-usd
2019-10-23,8024.0,8049.0,7345.27,7474.85,7495.3793984204285,7625.9810733366985,52746.0,cbse/btc-usd,cbse,spot,btc-usd
2019-10-22,8209.92,8317.14,7998.9,8024.72,5884.479842500256,8180.554316458057,50421.0,cbse/btc-usd,cbse,spot,btc-usd
2019-10-21,8235.94,8349.84,8156.0,8209.92,6128.79107650026,8225.997999767185,44090.0,cbse/btc-usd,cbse,spot,btc-usd
2019-10-20,7965.27,8309.0,7875.01,8236.12,6126.922573780116,8084.982668442037,47663.0,cbse/btc-usd,cbse,spot,btc-usd
2019-10-19,7954.15,8099.98,7873.46,7965.28,4818.819152689784,7975.216708621438,49915.0,cbse/btc-usd,cbse,spot,btc-usd
2019-10-18,8076.94,8117.77,7814.08,7954.16,6896.089391060977,7941.370743792027,60608.0,cbse/btc-usd,cbse,spot,btc-usd
2019-10-17,7995.81,8124.42,7937.01,8076.2,4907.463743340231,8043.1835075725285,50811.0,cbse/btc-usd,cbse,spot,btc-usd
2019-10-16,8156.52,8171.59,7910.0,7993.54,1122.5961363899887,7993.777211948269,11350.0,cbse/btc-usd,cbse,spot,btc-usd
2019-10-15,8355.0,8420.0,8085.65,8162.77,7757.322737850537,8223.860211681333,47704.0,cbse/btc-usd,cbse,spot,btc-usd
2019-10-14,8282.96,8409.0,8215.66,8355.0,4443.112987090078,8309.508612786785,40192.0,cbse/btc-usd,cbse,spot,btc-usd
2019-10-13,8309.03,8469.02,8146.47,8282.97,5722.210129870164,8328.517587867877,42725.0,cbse/btc-usd,cbse,spot,btc-usd
2019-10-12,8263.02,8425.0,8261.46,8309.03,3014.3810618200646,8337.041913715726,44595.0,cbse/btc-usd,cbse,spot,btc-usd
2019-10-11,8587.49,8826.0,8226.0,8267.32,12280.66734782075,8454.189643236208,66666.0,cbse/btc-usd,cbse,spot,btc-usd
2019-10-10,8590.01,8660.0,8452.5,8587.5,7935.072103450529,8556.399843556846,51292.0,cbse/btc-usd,cbse,spot,btc-usd
2019-10-09,8180.0,8712.45,8121.0,8590.0,14020.847008681587,8447.405230063596,69178.0,cbse/btc-usd,cbse,spot,btc-usd
2019-10-08,8208.99,8342.97,8107.26,8180.0,5847.064684450431,8206.990546310008,49813.0,cbse/btc-usd,cbse,spot,btc-usd
2019-10-07,7859.79,8310.57,7762.35,8209.0,9968.264346390679,8093.726412374464,59623.0,cbse/btc-usd,cbse,spot,btc-usd
2019-10-06,8147.63,8176.18,7780.85,7859.79,8001.088676090261,7944.841614755921,57057.0,cbse/btc-usd,cbse,spot,btc-usd
2019-10-05,8156.68,8200.0,8020.2,8147.63,3824.0124306499497,8103.605652638853,46415.0,cbse/btc-usd,cbse,spot,btc-usd
2019-10-04,8241.27,8241.35,8002.21,8156.67,7589.242514620965,8146.960117078203,58857.0,cbse/btc-usd,cbse,spot,btc-usd
2019-10-03,8381.72,8419.95,8059.22,8240.42,7600.781413960537,8215.765685662782,57456.0,cbse/btc-usd,cbse,spot,btc-usd
2019-10-02,8321.87,8391.0,8168.85,8381.72,7020.457952620349,8261.483681877877,54837.0,cbse/btc-usd,cbse,spot,btc-usd
2019-10-01,8304.95,8535.0,8200.0,8321.52,12191.602321730905,8373.691399292007,70725.0,cbse/btc-usd,cbse,spot,btc-usd
2019-09-30,8054.09,8393.23,7701.0,8304.96,14309.842371679202,8074.66487388019,72803.0,cbse/btc-usd,cbse,spot,btc-usd
2019-09-29,8217.47,8246.87,7902.96,8053.57,7017.041610090369,8048.987599331776,53251.0,cbse/btc-usd,cbse,spot,btc-usd
2019-09-28,8193.99,8343.0,8015.25,8217.47,9006.8540580003,8158.160731862799,62794.0,cbse/btc-usd,cbse,spot,btc-usd
2019-09-27,8060.0,8290.0,7861.02,8193.99,15780.55680776038,8056.555744043442,80925.0,cbse/btc-usd,cbse,spot,btc-usd
2019-09-26,8438.35,8464.08,7712.45,8060.0,25691.88673030273,8090.756760992949,110475.0,cbse/btc-usd,cbse,spot,btc-usd
2019-09-25,8530.01,8743.86,8222.01,8438.35,23278.593455754228,8448.581428873547,126911.0,cbse/btc-usd,cbse,spot,btc-usd
2019-09-24,9693.74,9777.16,8159.35,8530.01,34439.210072782604,8905.717171124053,172066.0,cbse/btc-usd,cbse,spot,btc-usd
2019-09-23,10026.79,10051.15,9609.37,9693.74,10711.614248650158,9829.19038794188,59526.0,cbse/btc-usd,cbse,spot,btc-usd
2019-09-22,9973.99,10097.0,9848.37,10026.8,5123.002264110053,9974.185012877208,46487.0,cbse/btc-usd,cbse,spot,btc-usd
2019-09-21,10168.85,10170.15,9917.34,9973.99,4881.507661910238,10015.404860838757,50999.0,cbse/btc-usd,cbse,spot,btc-usd
2019-09-20,10275.01,10309.84,10056.3,10168.85,6172.525727030176,10170.14938714451,47534.0,cbse/btc-usd,cbse,spot,btc-usd
2019-09-19,10156.22,10379.15,9585.86,10275.01,14134.46647600139,9957.603990660908,79811.0,cbse/btc-usd,cbse,spot,btc-usd
2019-09-18,10185.42,10258.0,10074.08,10155.26,5514.058530900248,10187.331381397742,49011.0,cbse/btc-usd,cbse,spot,btc-usd
2019-09-17,10262.54,10276.18,10135.44,10185.39,5704.458805600326,10220.630824493683,44027.0,cbse/btc-usd,cbse,spot,btc-usd
2019-09-16,10303.66,10379.98,10068.42,10262.54,7445.547829370155,10220.60625053516,45568.0,cbse/btc-usd,cbse,spot,btc-usd
2019-09-15,10360.01,10380.0,10263.39,10304.46,2737.2531145499734,10310.941416327267,39439.0,cbse/btc-usd,cbse,spot,btc-usd
2019-09-14,10365.94,10439.0,10223.36,10360.25,4404.5845027403675,10349.66816985728,44535.0,cbse/btc-usd,cbse,spot,btc-usd
2019-09-13,10423.85,10452.5,10157.0,10365.93,6860.464075690254,10298.790618593212,48661.0,cbse/btc-usd,cbse,spot,btc-usd
2019-09-12,10158.81,10460.0,10040.0,10423.72,7588.564222070286,10279.537426321938,49592.0,cbse/btc-usd,cbse,spot,btc-usd
2019-09-11,10093.0,10297.12,9851.97,10160.2,8213.102901250719,10056.271326102174,48760.0,cbse/btc-usd,cbse,spot,btc-usd
2019-09-10,10310.01,10389.26,9916.0,10093.01,7745.700091050274,10150.803813351415,45614.0,cbse/btc-usd,cbse,spot,btc-usd
2019-09-09,10401.13,10541.75,10059.99,10310.01,9399.658913400304,10293.534714644422,47977.0,cbse/btc-usd,cbse,spot,btc-usd
2019-09-08,10484.37,10595.0,10231.13,10405.0,4603.520307400409,10419.150149432966,43322.0,cbse/btc-usd,cbse,spot,btc-usd
2019-09-07,10308.9,10580.0,10304.52,10484.37,4374.402743230118,10450.361864548568,44195.0,cbse/btc-usd,cbse,spot,btc-usd
2019-09-06,10574.28,10939.34,10182.0,10308.92,14452.642339370554,10589.495162147077,68716.0,cbse/btc-usd,cbse,spot,btc-usd
2019-09-05,10581.85,10666.43,10452.15,10574.73,7320.065580440206,10553.870489963218,45241.0,cbse/btc-usd,cbse,spot,btc-usd
2019-09-04,10628.48,10833.14,10380.0,10581.84,11683.815023759891,10572.910768764827,54949.0,cbse/btc-usd,cbse,spot,btc-usd
2019-09-03,10381.26,10790.0,10280.0,10628.48,14747.866439100111,10570.71825641108,64556.0,cbse/btc-usd,cbse,spot,btc-usd
2019-09-02,9766.62,10486.77,9756.54,10381.26,11438.641734900395,10122.840403485152,59926.0,cbse/btc-usd,cbse,spot,btc-usd
2019-09-01,9600.86,9840.0,9539.58,9766.52,4031.2683520701326,9666.453228055669,37389.0,cbse/btc-usd,cbse,spot,btc-usd
2019-08-31,9582.42,9707.48,9436.2,9600.86,3929.0888306101674,9587.649932328182,41022.0,cbse/btc-usd,cbse,spot,btc-usd
2019-08-30,9494.8,9699.0,9337.97,9582.42,8700.392102160375,9537.125818886929,54393.0,cbse/btc-usd,cbse,spot,btc-usd
2019-08-29,9714.01,9717.03,9321.73,9490.0,13794.020423830414,9502.539077517255,68949.0,cbse/btc-usd,cbse,spot,btc-usd
2019-08-28,10171.95,10277.0,9522.93,9714.31,16024.832092270764,9878.019893648214,72163.0,cbse/btc-usd,cbse,spot,btc-usd
2019-08-27,10361.65,10379.87,10019.56,10171.84,7307.922348410494,10167.04919973326,48898.0,cbse/btc-usd,cbse,spot,btc-usd
2019-08-26,10140.9,10680.0,10140.9,10361.65,12844.914265587466,10397.243236859736,59689.0,cbse/btc-usd,cbse,spot,btc-usd
2019-08-25,10148.0,10374.85,9899.95,10138.72,6983.796511090321,10087.708980941865,46625.0,cbse/btc-usd,cbse,spot,btc-usd
2019-08-24,10413.45,10429.0,9886.26,10147.95,7625.7315628004535,10100.463715788803,57351.0,cbse/btc-usd,cbse,spot,btc-usd
2019-08-23,10105.61,10478.0,10035.84,10410.85,9244.1732098204,10327.87596405497,65741.0,cbse/btc-usd,cbse,spot,btc-usd
2019-08-22,10133.34,10237.53,9759.0,10107.15,10647.316793830656,10008.324596552284,66665.0,cbse/btc-usd,cbse,spot,btc-usd
2019-08-21,10768.49,10800.0,9841.59,10130.0,16761.112923360994,10170.24229396525,79573.0,cbse/btc-usd,cbse,spot,btc-usd
2019-08-20,10917.94,10953.0,10555.7,10769.09,8689.692866130561,10750.75435847413,53637.0,cbse/btc-usd,cbse,spot,btc-usd
2019-08-19,10315.48,10938.76,10265.0,10920.0,11793.068134350513,10658.848682773883,57837.0,cbse/btc-usd,cbse,spot,btc-usd
2019-08-18,10217.99,10513.45,10066.66,10315.48,6766.409551170337,10333.110392991053,43729.0,cbse/btc-usd,cbse,spot,btc-usd
2019-08-17,10352.78,10475.82,9978.0,10217.79,7065.062086430309,10245.685792260083,56137.0,cbse/btc-usd,cbse,spot,btc-usd
2019-08-16,10300.0,10539.9,9739.99,10352.78,19170.9587007505,10183.200252860493,91722.0,cbse/btc-usd,cbse,spot,btc-usd
2019-08-15,10021.13,10445.0,9470.0,10300.01,26569.69071612982,9989.820122489435,123661.0,cbse/btc-usd,cbse,spot,btc-usd
2019-08-14,10854.92,10859.97,9888.88,10025.86,23656.254564809587,10350.397635882355,99453.0,cbse/btc-usd,cbse,spot,btc-usd
2019-08-13,11389.25,11438.39,10746.0,10854.92,12187.832819730756,11013.1885018511,66401.0,cbse/btc-usd,cbse,spot,btc-usd
2019-08-12,11540.76,11555.55,11222.4,11389.27,6082.15860644023,11386.621454453998,43066.0,cbse/btc-usd,cbse,spot,btc-usd
2019-08-11,11280.95,11585.0,11088.88,11540.76,7195.901334650286,11375.139264591517,44509.0,cbse/btc-usd,cbse,spot,btc-usd
2019-08-10,11860.62,11969.99,11170.0,11280.95,12518.936953180764,11461.310569449673,63972.0,cbse/btc-usd,cbse,spot,btc-usd
2019-08-09,11982.39,12040.0,11651.89,11858.05,11746.296122780544,11827.924560451178,67036.0,cbse/btc-usd,cbse,spot,btc-usd
2019-08-08,11983.41,12050.0,11451.0,11981.0,14449.50521579108,11763.69063397873,72830.0,cbse/btc-usd,cbse,spot,btc-usd
2019-08-07,11465.49,12147.0,11366.26,11975.05,21271.772496800688,11781.30536852508,90234.0,cbse/btc-usd,cbse,spot,btc-usd
2019-08-06,11811.75,12320.4,11187.0,11465.49,23255.903715740005,11737.134363908717,96191.0,cbse/btc-usd,cbse,spot,btc-usd
2019-08-05,10977.98,11950.0,10977.98,11819.49,23006.095905139573,11645.732062426716,104210.0,cbse/btc-usd,cbse,spot,btc-usd
2019-08-04,10822.09,11089.74,10572.0,10977.51,11496.142509270481,10858.721878670001,60029.0,cbse/btc-usd,cbse,spot,btc-usd
2019-08-03,10533.62,10922.08,10508.5,10820.76,9581.444154220353,10772.375988138096,57867.0,cbse/btc-usd,cbse,spot,btc-usd
2019-08-02,10404.41,10670.0,10321.42,10533.01,12855.278154430502,10477.065862012412,67237.0,cbse/btc-usd,cbse,spot,btc-usd
2019-08-01,10089.97,10497.0,9881.0,10405.94,14240.76981143126,10160.320417619088,66011.0,cbse/btc-usd,cbse,spot,btc-usd
2019-07-31,9589.01,10135.12,9570.01,10087.3,12593.187824581457,9912.89547382229,64406.0,cbse/btc-usd,cbse,spot,btc-usd
2019-07-30,9499.21,9839.83,9371.96,9589.01,8980.982395150859,9571.820087436034,53017.0,cbse/btc-usd,cbse,spot,btc-usd
2019-07-29,9533.0,9729.87,9356.75,9495.01,10423.662402800564,9525.864828155303,51571.0,cbse/btc-usd,cbse,spot,btc-usd
2019-07-28,9469.37,9669.08,9108.88,9533.0,9421.002386811042,9439.999143495368,53235.0,cbse/btc-usd,cbse,spot,btc-usd
2019-07-27,9843.0,10248.41,9292.0,9479.98,17179.968903241028,9649.276260335066,72427.0,cbse/btc-usd,cbse,spot,btc-usd
2019-07-26,9880.86,9898.03,9657.21,9843.0,10500.943616680825,9776.688748519242,62349.0,cbse/btc-usd,cbse,spot,btc-usd
2019-07-25,9772.59,10184.99,9734.58,9883.33,12790.033549471404,10014.254147743202,61599.0,cbse/btc-usd,cbse,spot,btc-usd
2019-07-24,9848.9,9919.08,9507.38,9770.0,17641.092022040717,9694.124009764308,79728.0,cbse/btc-usd,cbse,spot,btc-usd
2019-07-23,10324.13,10324.28,9800.23,9842.24,17666.256557001045,10027.493941607172,73744.0,cbse/btc-usd,cbse,spot,btc-usd
2019-07-22,10590.71,10688.14,10060.0,10323.39,15315.079423160874,10350.147609259191,62086.0,cbse/btc-usd,cbse,spot,btc-usd
2019-07-21,10761.03,10835.0,10320.0,10590.7,11543.361763100582,10566.582942461353,51936.0,cbse/btc-usd,cbse,spot,btc-usd
2019-07-20,10536.87,11112.31,10360.65,10761.03,17543.090770450974,10736.043634571437,71240.0,cbse/btc-usd,cbse,spot,btc-usd
2019-07-19,10652.76,10777.21,10111.0,10538.06,19452.111842680555,10454.63074280004,84062.0,cbse/btc-usd,cbse,spot,btc-usd
2019-07-18,9696.39,10799.0,9291.0,10649.07,32066.96682722603,10141.267174675375,109775.0,cbse/btc-usd,cbse,spot,btc-usd
2019-07-17,9429.8,9998.0,9071.0,9696.31,34852.2874916357,9554.00344415768,122591.0,cbse/btc-usd,cbse,spot,btc-usd
2019-07-16,10856.41,11040.0,9350.0,9422.72,40964.403750566606,10024.240860884209,149752.0,cbse/btc-usd,cbse,spot,btc-usd
2019-07-15,10185.0,11080.01,9857.27,10854.47,33427.445316336096,10382.700248338062,130672.0,cbse/btc-usd,cbse,spot,btc-usd
2019-07-14,11370.06,11467.27,10084.4,10189.0,24256.013006489924,10681.818355114996,102649.0,cbse/btc-usd,cbse,spot,btc-usd
2019-07-13,11797.53,11845.0,10814.4,11370.08,17565.643101391426,11301.147429039938,80749.0,cbse/btc-usd,cbse,spot,btc-usd
2019-07-12,11348.56,11950.0,11079.59,11800.0,18240.865891681173,11565.179648217596,88415.0,cbse/btc-usd,cbse,spot,btc-usd
2019-07-11,12097.48,12097.93,10933.0,11349.0,35174.81977658368,11514.661921912008,130564.0,cbse/btc-usd,cbse,spot,btc-usd
2019-07-10,12572.12,13202.63,11553.21,12097.96,38340.89778777156,12507.839577486242,155790.0,cbse/btc-usd,cbse,spot,btc-usd
2019-07-09,12293.39,12829.96,12105.32,12561.0,25789.303568627987,12501.552061735165,120610.0,cbse/btc-usd,cbse,spot,btc-usd
2019-07-08,11474.44,12395.0,11328.01,12293.53,19308.26248282046,11969.010691411391,90660.0,cbse/btc-usd,cbse,spot,btc-usd
2019-07-07,11237.77,11620.0,11084.31,11474.42,10892.943773621144,11357.938699415665,59348.0,cbse/btc-usd,cbse,spot,btc-usd
2019-07-06,10994.99,11723.6,10980.09,11237.77,15015.78954681096,11406.551781340611,71049.0,cbse/btc-usd,cbse,spot,btc-usd
2019-07-05,11137.87,11449.51,10761.8,11004.51,20122.637276240483,11098.54540323064,87042.0,cbse/btc-usd,cbse,spot,btc-usd
2019-07-04,11976.01,12064.26,11035.01,11137.88,21589.51976995076,11686.925943473103,87132.0,cbse/btc-usd,cbse,spot,btc-usd
2019-07-03,10829.19,12014.6,10829.19,11976.42,36979.559506725745,11376.10242557574,128953.0,cbse/btc-usd,cbse,spot,btc-usd
2019-07-02,10578.23,10925.0,9651.0,10829.18,42188.46102850355,10240.118102231696,143861.0,cbse/btc-usd,cbse,spot,btc-usd
2019-07-01,10761.26,11210.52,9953.0,10577.63,38238.816072606736,10541.468923890254,141083.0,cbse/btc-usd,cbse,spot,btc-usd
2019-06-30,11868.56,12200.0,10650.06,10761.26,27154.070636229706,11324.689226322404,109701.0,cbse/btc-usd,cbse,spot,btc-usd
2019-06-29,12355.01,12379.99,11318.94,11865.29,27906.936228088784,11832.453066241937,123937.0,cbse/btc-usd,cbse,spot,btc-usd
2019-06-28,11159.28,12444.77,10737.87,12360.45,41478.403869081056,11667.015296697793,162791.0,cbse/btc-usd,cbse,spot,btc-usd
2019-06-27,12927.44,13358.68,10300.0,11159.29,73230.96584435929,11547.29140529661,281092.0,cbse/btc-usd,cbse,spot,btc-usd
2019-06-26,11754.25,13868.44,11360.0,12927.44,74951.55509095955,12659.50793363661,310790.0,cbse/btc-usd,cbse,spot,btc-usd
2019-06-25,11030.8,11788.88,10997.0,11754.25,24574.06980633923,11356.76218624743,115636.0,cbse/btc-usd,cbse,spot,btc-usd
2019-06-24,10833.0,11091.97,10550.21,11032.32,15234.839354330408,10840.863699851814,88132.0,cbse/btc-usd,cbse,spot,btc-usd
2019-06-23,10666.87,11284.44,10490.0,10833.02,17003.30793802093,10829.387387480248,90588.0,cbse/btc-usd,cbse,spot,btc-usd
2019-06-22,10235.59,11215.89,10080.0,10666.86,37178.48694206204,10701.921544348528,176963.0,cbse/btc-usd,cbse,spot,btc-usd
2019-06-21,9531.21,10245.0,9531.21,10230.0,24177.569728700757,9836.835440026913,104838.0,cbse/btc-usd,cbse,spot,btc-usd
2019-06-20,9277.55,9599.0,9210.3,9531.21,11977.471476550547,9416.576116330456,58972.0,cbse/btc-usd,cbse,spot,btc-usd
2019-06-19,9078.48,9319.5,9035.75,9277.55,9218.322253720218,9159.347100873441,53551.0,cbse/btc-usd,cbse,spot,btc-usd
2019-06-18,9333.08,9359.48,8919.72,9078.48,16142.482060980914,9125.557518021798,73351.0,cbse/btc-usd,cbse,spot,btc-usd
2019-06-17,8975.78,9475.0,8975.78,9331.75,20468.641158621016,9263.745775088031,78857.0,cbse/btc-usd,cbse,spot,btc-usd
2019-06-16,8856.13,9388.0,8799.7,8976.23,21776.593634111687,9085.365099026612,92804.0,cbse/btc-usd,cbse,spot,btc-usd
2019-06-15,8697.45,8916.63,8600.0,8860.23,9655.878843760778,8750.361424505967,60357.0,cbse/btc-usd,cbse,spot,btc-usd
2019-06-14,8239.04,8738.92,8180.08,8697.46,12396.74965042146,8438.396756041544,68820.0,cbse/btc-usd,cbse,spot,btc-usd
2019-06-13,8176.03,8329.99,8048.75,8239.04,8588.315940360573,8194.069710801054,56972.0,cbse/btc-usd,cbse,spot,btc-usd
2019-06-12,7913.64,8292.43,7817.0,8176.02,12291.822869500864,8078.783644350391,56857.0,cbse/btc-usd,cbse,spot,btc-usd
2019-06-11,8015.7,8057.19,7702.83,7915.7,7744.985383770517,7886.5903586119,49749.0,cbse/btc-usd,cbse,spot,btc-usd
2019-06-10,7635.05,8097.35,7516.9,8015.69,9741.372432271202,7869.732999276693,54506.0,cbse/btc-usd,cbse,spot,btc-usd
2019-06-09,7930.14,7960.0,7508.77,7634.58,7505.8214236704,7713.835137290436,47931.0,cbse/btc-usd,cbse,spot,btc-usd
2019-06-08,7998.13,8059.99,7786.01,7930.14,5061.06265836028,7918.312533031026,44257.0,cbse/btc-usd,cbse,spot,btc-usd
2019-06-07,7805.0,8134.29,7756.79,7998.13,12385.156558121307,7966.654900241304,63913.0,cbse/btc-usd,cbse,spot,btc-usd
2019-06-06,7787.36,7874.68,7450.0,7802.57,12278.734007970386,7698.259635507299,58613.0,cbse/btc-usd,cbse,spot,btc-usd
2019-06-05,7671.07,7932.87,7570.0,7790.26,13200.098195550843,7764.620190431714,63807.0,cbse/btc-usd,cbse,spot,btc-usd
2019-06-04,8104.95,8104.95,7427.0,7670.96,28780.19170769704,7792.1988403555615,112542.0,cbse/btc-usd,cbse,spot,btc-usd
2019-06-03,8736.55,8742.48,8030.46,8107.95,15942.903773591233,8409.389339100075,70710.0,cbse/btc-usd,cbse,spot,btc-usd
2019-06-02,8558.8,8834.0,8550.0,8736.55,5844.290824650222,8686.735018463927,46249.0,cbse/btc-usd,cbse,spot,btc-usd
2019-06-01,8554.06,8618.0,8452.21,8558.94,7486.0315374803595,8541.045490555658,49797.0,cbse/btc-usd,cbse,spot,btc-usd
2019-05-31,8279.69,8580.0,8110.0,8554.06,16584.26098461156,8353.051571016205,74472.0,cbse/btc-usd,cbse,spot,btc-usd
2019-05-30,8662.44,9090.0,7972.0,8279.69,29878.057367407855,8557.046586244363,111642.0,cbse/btc-usd,cbse,spot,btc-usd
2019-05-29,8715.36,8760.43,8426.09,8662.44,12076.022105411113,8636.632787625911,65841.0,cbse/btc-usd,cbse,spot,btc-usd
2019-05-28,8772.29,8822.46,8545.01,8715.36,11786.61295684118,8716.16813110689,63308.0,cbse/btc-usd,cbse,spot,btc-usd
2019-05-27,8732.34,8947.88,8611.44,8772.29,17905.10558716223,8796.111154486447,83980.0,cbse/btc-usd,cbse,spot,btc-usd
2019-05-26,8063.68,8793.97,7881.7,8731.72,17950.034442601765,8461.263962605946,79216.0,cbse/btc-usd,cbse,spot,btc-usd
2019-05-25,8001.69,8149.0,7941.25,8063.81,5309.581339400073,8048.948398124904,41991.0,cbse/btc-usd,cbse,spot,btc-usd
2019-05-24,7878.16,8175.0,7794.73,8001.7,14664.589310201583,8006.887465179304,70258.0,cbse/btc-usd,cbse,spot,btc-usd
2019-05-23,7622.25,7984.9,7467.1,7881.98,14768.585105291719,7721.87587844082,69943.0,cbse/btc-usd,cbse,spot,btc-usd
2019-05-22,7951.69,8044.32,7506.12,7626.48,16637.351118591632,7825.614124040359,77530.0,cbse/btc-usd,cbse,spot,btc-usd
2019-05-21,7998.94,8112.99,7805.34,7951.7,14192.040525981378,7959.184296378749,71191.0,cbse/btc-usd,cbse,spot,btc-usd
2019-05-20,8194.34,8199.53,7570.31,7999.54,24621.12199385222,7911.350686674081,95395.0,cbse/btc-usd,cbse,spot,btc-usd
2019-05-19,7262.38,8315.0,7252.58,8200.0,24238.769998729764,7930.310690167962,92904.0,cbse/btc-usd,cbse,spot,btc-usd
2019-05-18,7363.85,7491.22,7204.42,7262.4,10896.796121591458,7333.058479194466,68682.0,cbse/btc-usd,cbse,spot,btc-usd
2019-05-17,7878.95,7940.75,6600.0,7363.69,43062.82784093589,7223.7091177839075,160688.0,cbse/btc-usd,cbse,spot,btc-usd
2019-05-16,8203.33,8388.0,7660.74,7878.96,28801.986620817406,8004.249224910998,122047.0,cbse/btc-usd,cbse,spot,btc-usd
2019-05-15,7990.92,8308.16,7831.77,8203.32,24719.70485490975,8073.479994162225,105629.0,cbse/btc-usd,cbse,spot,btc-usd
2019-05-14,7822.88,8350.0,7621.27,7990.92,38850.18998050361,7976.242420436576,138365.0,cbse/btc-usd,cbse,spot,btc-usd
2019-05-13,6979.24,8175.0,6864.93,7824.93,45166.792496772156,7706.654756885828,138376.0,cbse/btc-usd,cbse,spot,btc-usd
2019-05-12,7215.02,7581.82,6755.0,6979.64,39419.605022373886,7144.279261576608,123976.0,cbse/btc-usd,cbse,spot,btc-usd
2019-05-11,6342.99,7464.13,6342.98,7219.95,37220.47786719205,6919.37504127606,137698.0,cbse/btc-usd,cbse,spot,btc-usd
2019-05-10,6153.09,6430.0,6108.81,6343.14,17583.69477333064,6294.488468818638,72002.0,cbse/btc-usd,cbse,spot,btc-usd
2019-05-09,5947.0,6171.1,5934.49,6153.09,15416.38755227104,6046.677867406099,64744.0,cbse/btc-usd,cbse,spot,btc-usd
2019-05-08,5748.47,5990.0,5656.26,5948.41,12268.752035020843,5853.581868287818,52912.0,cbse/btc-usd,cbse,spot,btc-usd
2019-05-07,5687.9,5974.51,5687.9,5748.46,15470.914411691187,5854.087354547438,60877.0,cbse/btc-usd,cbse,spot,btc-usd
2019-05-06,5715.86,5753.66,5564.93,5687.9,9093.472740630676,5660.141377765434,45234.0,cbse/btc-usd,cbse,spot,btc-usd
2019-05-05,5770.01,5782.22,5627.35,5715.86,5758.141180450247,5716.006494340403,38437.0,cbse/btc-usd,cbse,spot,btc-usd
2019-05-04,5657.41,5846.88,5512.0,5770.01,10642.288782770758,5696.9134984918555,57121.0,cbse/btc-usd,cbse,spot,btc-usd
2019-05-03,5390.0,5796.93,5363.0,5657.4,19476.917407849975,5650.38989288406,70934.0,cbse/btc-usd,cbse,spot,btc-usd
2019-05-02,5321.15,5422.99,5306.09,5390.01,7143.579616420187,5374.372533648518,41581.0,cbse/btc-usd,cbse,spot,btc-usd
2019-05-01,5270.68,5358.39,5265.61,5321.15,7322.723106480286,5306.372923671608,43509.0,cbse/btc-usd,cbse,spot,btc-usd
2019-04-30,5148.25,5285.0,5126.25,5269.51,7163.967107520206,5220.834049686502,43617.0,cbse/btc-usd,cbse,spot,btc-usd
2019-04-29,5155.0,5189.54,5072.01,5148.25,7338.089568850288,5148.143731643322,38524.0,cbse/btc-usd,cbse,spot,btc-usd
2019-04-28,5171.9,5214.5,5101.0,5155.0,4913.464656120069,5163.940980367174,36099.0,cbse/btc-usd,cbse,spot,btc-usd
2019-04-27,5159.5,5221.24,5117.46,5170.6,4268.747635000104,5168.834789222715,36055.0,cbse/btc-usd,cbse,spot,btc-usd
2019-04-26,5134.82,5295.03,5041.14,5159.51,14333.002257080907,5148.440802578258,61194.0,cbse/btc-usd,cbse,spot,btc-usd
2019-04-25,5440.59,5512.12,4963.0,5134.81,17272.86589100073,5261.663154571038,64767.0,cbse/btc-usd,cbse,spot,btc-usd
2019-04-24,5532.75,5624.47,5374.0,5441.9,14871.864722231072,5482.141827874826,57409.0,cbse/btc-usd,cbse,spot,btc-usd
2019-04-23,5387.6,5650.01,5361.01,5532.75,17976.8909759212,5541.392681038407,62459.0,cbse/btc-usd,cbse,spot,btc-usd
2019-04-22,5297.64,5440.84,5250.45,5387.6,12115.303384260704,5345.153438301812,46256.0,cbse/btc-usd,cbse,spot,btc-usd
2019-04-21,5319.9,5349.16,5213.34,5297.64,5724.477146880448,5281.836615497075,37915.0,cbse/btc-usd,cbse,spot,btc-usd
2019-04-20,5290.37,5359.98,5260.24,5319.89,4903.764428830133,5310.662547302591,39440.0,cbse/btc-usd,cbse,spot,btc-usd
2019-04-19,5280.5,5359.47,5196.7,5290.36,6225.360616770432,5265.575960881778,45440.0,cbse/btc-usd,cbse,spot,btc-usd
2019-04-18,5227.0,5318.18,5222.26,5280.49,8233.422374140395,5269.720211686349,45275.0,cbse/btc-usd,cbse,spot,btc-usd
2019-04-17,5201.21,5272.32,5173.11,5227.0,7412.999893210344,5218.128654050394,40785.0,cbse/btc-usd,cbse,spot,btc-usd
2019-04-16,5029.99,5229.97,5016.45,5202.9,8589.60449179029,5130.60772356532,43074.0,cbse/btc-usd,cbse,spot,btc-usd
2019-04-15,5163.81,5193.01,4945.54,5029.99,9939.818013440428,5082.182134138799,46580.0,cbse/btc-usd,cbse,spot,btc-usd
2019-04-14,5065.02,5191.19,5013.81,5164.27,4408.220170430216,5103.907055990911,37384.0,cbse/btc-usd,cbse,spot,btc-usd
2019-04-13,5078.19,5123.28,5036.74,5066.22,4288.9395982704,5084.645168245587,39619.0,cbse/btc-usd,cbse,spot,btc-usd
2019-04-12,5040.11,5118.56,4901.99,5078.19,9885.180458830697,5031.519880056267,50588.0,cbse/btc-usd,cbse,spot,btc-usd
2019-04-11,5322.02,5342.74,4967.24,5041.3,15488.115851330926,5117.5749744101095,57317.0,cbse/btc-usd,cbse,spot,btc-usd
2019-04-10,5187.21,5488.0,5164.49,5318.58,16418.123597640566,5321.313250392115,58360.0,cbse/btc-usd,cbse,spot,btc-usd
2019-04-09,5286.82,5287.0,5145.0,5188.0,9739.286667880406,5216.144041177603,52032.0,cbse/btc-usd,cbse,spot,btc-usd
2019-04-08,5194.76,5352.5,5132.28,5285.54,15709.859358301374,5248.49182931933,63821.0,cbse/btc-usd,cbse,spot,btc-usd
2019-04-07,5049.18,5270.33,5029.7,5194.79,10141.83041471059,5148.800659905093,51304.0,cbse/btc-usd,cbse,spot,btc-usd
2019-04-06,5040.95,5244.04,4925.0,5049.22,12074.221454611139,5084.907623331856,53337.0,cbse/btc-usd,cbse,spot,btc-usd
2019-04-05,4907.92,5066.59,4887.34,5040.0,11739.499915490616,4993.1336947241025,54182.0,cbse/btc-usd,cbse,spot,btc-usd
2019-04-04,4975.13,5071.34,4778.0,4906.49,16239.993220221513,4950.904164540804,65664.0,cbse/btc-usd,cbse,spot,btc-usd
2019-04-03,4901.92,5345.0,4787.11,4975.97,37595.25563336368,5060.9855583099115,119919.0,cbse/btc-usd,cbse,spot,btc-usd
2019-04-02,4137.01,5100.78,4132.02,4901.93,33147.177724299094,4691.426161577962,93009.0,cbse/btc-usd,cbse,spot,btc-usd
2019-04-01,4095.0,4149.5,4051.53,4137.0,7951.264927070152,4123.917316538348,39415.0,cbse/btc-usd,cbse,spot,btc-usd
2019-03-31,4094.14,4103.0,4077.01,4094.99,3140.8370130599633,4090.4818268906893,30900.0,cbse/btc-usd,cbse,spot,btc-usd
2019-03-30,4091.01,4131.87,4042.51,4094.14,5262.213446910022,4085.304612974863,34865.0,cbse/btc-usd,cbse,spot,btc-usd
2019-03-29,4011.98,4101.5,4007.78,4091.01,9995.92370574031,4062.0746538577255,44792.0,cbse/btc-usd,cbse,spot,btc-usd
2019-03-28,4026.54,4026.54,3994.0,4011.17,4867.338304660095,4009.992301966674,36429.0,cbse/btc-usd,cbse,spot,btc-usd
2019-03-27,3922.41,4035.8,3914.9,4026.53,6835.2314381702745,3995.2401480150547,35960.0,cbse/btc-usd,cbse,spot,btc-usd
2019-03-26,3907.54,3923.9,3880.64,3921.45,4279.073610490068,3908.4603638238923,32857.0,cbse/btc-usd,cbse,spot,btc-usd
2019-03-25,3969.52,3976.47,3858.0,3908.0,6393.132971410203,3928.523755994652,37008.0,cbse/btc-usd,cbse,spot,btc-usd
2019-03-24,3982.45,3982.45,3946.0,3969.06,2699.8300140300307,3965.996126806258,31373.0,cbse/btc-usd,cbse,spot,btc-usd
2019-03-23,3983.77,3997.01,3960.25,3983.43,4145.339978220086,3981.6089725906304,34218.0,cbse/btc-usd,cbse,spot,btc-usd
2019-03-22,3972.76,3998.01,3961.7,3983.78,5137.207463870062,3983.008236981514,43445.0,cbse/btc-usd,cbse,spot,btc-usd
2019-03-21,4032.68,4056.33,3915.14,3972.76,9052.84569007028,3991.3267141223278,48475.0,cbse/btc-usd,cbse,spot,btc-usd
2019-03-20,4000.85,4044.82,3965.43,4031.86,7315.954765720226,4000.780891500911,40769.0,cbse/btc-usd,cbse,spot,btc-usd
2019-03-19,3969.68,4009.61,3952.08,4000.85,5889.02569989026,3981.1506164396287,39054.0,cbse/btc-usd,cbse,spot,btc-usd
2019-03-18,3967.01,4015.7,3937.69,3970.5,5613.646373410206,3972.3322643730976,37150.0,cbse/btc-usd,cbse,spot,btc-usd
2019-03-17,3990.0,3991.0,3936.3,3967.01,3532.8384360801197,3965.9098276990917,32697.0,cbse/btc-usd,cbse,spot,btc-usd
2019-03-16,3902.8,4037.47,3900.89,3990.0,6647.391586840299,3977.928842047279,44379.0,cbse/btc-usd,cbse,spot,btc-usd
2019-03-15,3853.95,3910.0,3846.79,3902.8,6786.824214090144,3882.9913013268124,44959.0,cbse/btc-usd,cbse,spot,btc-usd
2019-03-14,3851.02,3900.0,3779.28,3853.95,7601.964381630279,3844.563551281302,39396.0,cbse/btc-usd,cbse,spot,btc-usd
2019-03-13,3860.0,3871.02,3827.5,3851.02,5689.696222470131,3853.2770903484443,36187.0,cbse/btc-usd,cbse,spot,btc-usd
2019-03-12,3849.67,3875.33,3796.71,3860.0,6918.920338560394,3846.6321444390196,40206.0,cbse/btc-usd,cbse,spot,btc-usd
2019-03-11,3900.93,3911.83,3817.01,3849.68,6167.0702707003775,3858.135117306779,40590.0,cbse/btc-usd,cbse,spot,btc-usd
2019-03-10,3917.0,3917.0,3867.84,3900.93,3602.193138780181,3894.8584689323907,34547.0,cbse/btc-usd,cbse,spot,btc-usd
2019-03-09,3842.62,3947.33,3834.59,3917.0,5789.426076400471,3896.5469637625356,44562.0,cbse/btc-usd,cbse,spot,btc-usd
2019-03-08,3857.04,3910.88,3771.0,3843.12,8643.510556280295,3868.519869757891,48395.0,cbse/btc-usd,cbse,spot,btc-usd
2019-03-07,3851.89,3891.0,3830.79,3857.05,7284.899402920697,3865.07166804087,47098.0,cbse/btc-usd,cbse,spot,btc-usd
2019-03-06,3847.5,3855.5,3840.17,3851.89,1538.8875940799833,3847.338387056322,15254.0,cbse/btc-usd,cbse,spot,btc-usd
2019-03-05,3700.02,3843.08,3692.36,3826.25,5059.339954010109,3760.243485322377,24532.0,cbse/btc-usd,cbse,spot,btc-usd
2019-03-04,3786.93,3804.99,3672.39,3700.72,8249.90013806015,3721.215720374871,42775.0,cbse/btc-usd,cbse,spot,btc-usd
2019-03-03,3809.7,3815.48,3763.62,3786.93,4100.654157790118,3796.495579739444,35488.0,cbse/btc-usd,cbse,spot,btc-usd
2019-03-02,3806.17,3818.08,3763.0,3809.7,3706.3314060601956,3804.424708358244,38713.0,cbse/btc-usd,cbse,spot,btc-usd
2019-03-01,3792.14,3843.0,3791.31,3806.17,6724.143192389922,3815.5333969162657,45029.0,cbse/btc-usd,cbse,spot,btc-usd
2019-02-28,3800.35,3899.99,3754.37,3792.14,9474.331243400442,3815.4244928544,47770.0,cbse/btc-usd,cbse,spot,btc-usd
2019-02-27,3799.49,3823.13,3655.0,3799.91,7987.209752190302,3773.699413724359,45144.0,cbse/btc-usd,cbse,spot,btc-usd
2019-02-26,3818.78,3826.37,3763.71,3799.48,6495.061423349964,3797.629946398563,40827.0,cbse/btc-usd,cbse,spot,btc-usd
2019-02-25,3734.23,3860.0,3731.09,3818.79,11164.038305540442,3804.419398948717,48752.0,cbse/btc-usd,cbse,spot,btc-usd
2019-02-24,4110.0,4188.79,3712.84,3734.22,15633.816000411498,3904.5292936772507,69385.0,cbse/btc-usd,cbse,spot,btc-usd
2019-02-23,3942.02,4156.1,3911.3,4110.0,10400.954932830582,4033.422846192428,55054.0,cbse/btc-usd,cbse,spot,btc-usd
2019-02-22,3897.71,3956.43,3886.15,3942.02,7666.014066800203,3926.5907350562056,47599.0,cbse/btc-usd,cbse,spot,btc-usd
2019-02-21,3939.0,3988.0,3869.45,3897.71,8655.722394060314,3912.6818394859283,47209.0,cbse/btc-usd,cbse,spot,btc-usd
2019-02-20,3888.37,3967.19,3867.13,3938.99,8891.355967490219,3916.0197920276732,48256.0,cbse/btc-usd,cbse,spot,btc-usd
2019-02-19,3867.0,3969.54,3841.54,3888.01,14805.124074981843,3912.9567623596004,61450.0,cbse/btc-usd,cbse,spot,btc-usd
2019-02-18,3625.08,3917.0,3616.18,3867.0,16788.012191361642,3771.766399817091,63905.0,cbse/btc-usd,cbse,spot,btc-usd
2019-02-17,3582.37,3675.0,3557.43,3625.08,6325.2771332303055,3595.3323768171467,39336.0,cbse/btc-usd,cbse,spot,btc-usd
2019-02-16,3566.59,3607.36,3565.5,3582.37,4348.969299480101,3588.2570832588026,39298.0,cbse/btc-usd,cbse,spot,btc-usd
2019-02-15,3561.49,3620.22,3545.89,3566.59,7439.853772340323,3573.5832547046366,47077.0,cbse/btc-usd,cbse,spot,btc-usd
2019-02-14,3576.69,3589.0,3535.1,3561.5,6159.016084470316,3569.621979743876,42975.0,cbse/btc-usd,cbse,spot,btc-usd
2019-02-13,3588.06,3627.99,3562.98,3576.68,7005.332708870277,3582.3911604490627,42029.0,cbse/btc-usd,cbse,spot,btc-usd
2019-02-12,3590.36,3618.77,3550.0,3588.06,8230.757407430567,3580.07204626317,45957.0,cbse/btc-usd,cbse,spot,btc-usd
2019-02-11,3648.85,3652.0,3579.38,3590.36,8603.79611304041,3599.266691917489,44101.0,cbse/btc-usd,cbse,spot,btc-usd
2019-02-10,3623.73,3654.28,3578.59,3648.84,5358.33490507018,3615.176030954608,40450.0,cbse/btc-usd,cbse,spot,btc-usd
2019-02-09,3622.0,3644.08,3597.0,3623.73,5155.4574396801845,3616.2668592993637,44910.0,cbse/btc-usd,cbse,spot,btc-usd
2019-02-08,3358.99,3711.0,3344.0,3621.99,17022.921259500872,3519.927453957048,62558.0,cbse/btc-usd,cbse,spot,btc-usd
2019-02-07,3366.0,3383.14,3352.01,3359.0,8588.478891799856,3365.334603786914,66081.0,cbse/btc-usd,cbse,spot,btc-usd
2019-02-06,3428.41,3441.0,3340.8,3367.36,9661.483151141012,3374.78164448128,49700.0,cbse/btc-usd,cbse,spot,btc-usd
2019-02-05,3409.57,3429.46,3400.0,3428.4,6385.4357724302035,3417.758761539734,43566.0,cbse/btc-usd,cbse,spot,btc-usd
2019-02-04,3415.69,3435.0,3395.1,3409.57,6032.818952840029,3413.7189107562135,39932.0,cbse/btc-usd,cbse,spot,btc-usd
2019-02-03,3468.43,3471.76,3386.45,3415.69,4581.472458050166,3423.4639491069424,42732.0,cbse/btc-usd,cbse,spot,btc-usd
2019-02-02,3437.5,3483.25,3414.49,3468.43,3918.6088784701465,3436.4800940807313,44107.0,cbse/btc-usd,cbse,spot,btc-usd
2019-02-01,3411.5,3458.26,3369.62,3437.5,8726.636128860238,3419.5532291868853,48062.0,cbse/btc-usd,cbse,spot,btc-usd
2019-01-31,3437.55,3473.4,3396.74,3411.5,7398.711022780422,3423.346954100577,43149.0,cbse/btc-usd,cbse,spot,btc-usd
2019-01-30,3395.74,3459.41,3372.97,3437.55,8504.508375260264,3424.897629641008,42209.0,cbse/btc-usd,cbse,spot,btc-usd
2019-01-29,3429.95,3438.4,3337.87,3397.42,8671.054266880308,3396.5082415881798,46198.0,cbse/btc-usd,cbse,spot,btc-usd
2019-01-28,3531.02,3535.92,3374.01,3429.95,13242.864175686103,3435.6610981553263,86056.0,cbse/btc-usd,cbse,spot,btc-usd
2019-01-27,3556.07,3562.9,3470.14,3531.02,4188.258314370364,3537.08986269379,40427.0,cbse/btc-usd,cbse,spot,btc-usd
2019-01-26,3562.17,3657.76,3540.0,3556.07,4943.341243270523,3575.044876757492,44477.0,cbse/btc-usd,cbse,spot,btc-usd
2019-01-25,3568.97,3578.79,3510.01,3562.17,6755.370853840308,3554.0315124583894,44653.0,cbse/btc-usd,cbse,spot,btc-usd
2019-01-24,3553.01,3595.83,3530.1,3568.97,5827.0720374703,3558.4066798231015,44639.0,cbse/btc-usd,cbse,spot,btc-usd
2019-01-23,3576.53,3614.47,3523.64,3553.01,8120.679206979559,3566.1363192008575,45474.0,cbse/btc-usd,cbse,spot,btc-usd
2019-01-22,3531.75,3611.5,3425.0,3577.03,9193.254143160508,3547.5407760171584,46754.0,cbse/btc-usd,cbse,spot,btc-usd
2019-01-21,3537.56,3568.95,3487.37,3531.76,6416.941380329693,3535.573275375434,38291.0,cbse/btc-usd,cbse,spot,btc-usd
2019-01-20,3683.5,3703.39,3481.01,3535.75,6946.747193170292,3573.6743394705586,45766.0,cbse/btc-usd,cbse,spot,btc-usd
2019-01-19,3607.85,3765.87,3604.9,3683.5,5129.37038120973,3685.11985207408,45258.0,cbse/btc-usd,cbse,spot,btc-usd
2019-01-18,3640.64,3643.69,3580.16,3607.85,5876.7335768698695,3613.2092964851763,46661.0,cbse/btc-usd,cbse,spot,btc-usd
2019-01-17,3609.71,3657.0,3541.0,3640.65,8834.086618400454,3607.2955957124136,48405.0,cbse/btc-usd,cbse,spot,btc-usd
2019-01-16,3580.19,3666.73,3572.52,3609.7,8861.316342740327,3605.4264416936476,48951.0,cbse/btc-usd,cbse,spot,btc-usd
2019-01-15,3664.18,3684.38,3540.0,3580.76,10582.490859610893,3624.5260460920113,49598.0,cbse/btc-usd,cbse,spot,btc-usd
2019-01-14,3514.24,3711.11,3509.24,3664.19,10945.867402080194,3621.9897583341876,51105.0,cbse/btc-usd,cbse,spot,btc-usd
2019-01-13,3619.38,3641.86,3482.0,3514.24,7702.378751431193,3546.7959929501326,52201.0,cbse/btc-usd,cbse,spot,btc-usd
2019-01-12,3634.73,3649.18,3557.29,3619.41,5749.324537200264,3623.5622494541967,45574.0,cbse/btc-usd,cbse,spot,btc-usd
2019-01-11,3626.12,3699.26,3576.0,3635.69,14375.882894342478,3638.1251657938124,57933.0,cbse/btc-usd,cbse,spot,btc-usd
2019-01-10,4004.13,4035.21,3560.0,3626.07,19741.867306961987,3750.4653526028865,79735.0,cbse/btc-usd,cbse,spot,btc-usd
2019-01-09,3993.85,4042.2,3962.12,4004.12,10437.744380040953,4008.213984342695,51251.0,cbse/btc-usd,cbse,spot,btc-usd
2019-01-08,4005.97,4114.8,3943.36,3993.86,13504.636298581221,4015.861240013067,52898.0,cbse/btc-usd,cbse,spot,btc-usd
2019-01-07,4040.98,4070.0,3968.79,4006.01,9833.32278305081,4019.4743109644955,51644.0,cbse/btc-usd,cbse,spot,btc-usd
2019-01-06,3799.99,4088.0,3756.01,4040.99,9507.900121740928,3960.315356167341,53671.0,cbse/btc-usd,cbse,spot,btc-usd
2019-01-05,3820.82,3874.12,3775.0,3798.62,6429.018446300474,3833.577972274691,50525.0,cbse/btc-usd,cbse,spot,btc-usd
2019-01-04,3787.57,3849.0,3730.0,3820.82,9206.46771985054,3784.865569658102,48927.0,cbse/btc-usd,cbse,spot,btc-usd
2019-01-03,3890.8,3893.8,3758.07,3786.67,8975.370365050643,3827.3418929125796,45767.0,cbse/btc-usd,cbse,spot,btc-usd
2019-01-02,3826.1,3916.57,3770.07,3890.79,9913.977916060509,3837.182279535572,47029.0,cbse/btc-usd,cbse,spot,btc-usd
2019-01-01,3691.87,3841.17,3651.02,3826.1,10807.816701390424,3711.4299882446844,41860.0,cbse/btc-usd,cbse,spot,btc-usd
