timestamp,tvlUSD,tvlETH,BTC,ETH,DAI
1616162400,44733574431,"24664302,73","34107,27088","9207964,772",1461525308
1616112000,40599941896,"22851320,93","25836,72652","8839879,852",1399169047
1616025600,41338536979,"22669015,71","25837,76357","8809898,622",1403967815
1615939200,40366999139,"22365475,34","25718,95587","8745425,181",1400138371
1615852800,41597044776,"23216134,56","25777,2214","8930172,302",1411109581
1615766400,43133167841,"23326321,62","26151,16919","8899829,654",1423714845
1615680000,44549981637,"23183192,38","25650,56579","8869790,853",1425523240
1615593600,42786562028,"24215747,46","32827,29446","8951839,418",1402333007
1615507200,41832814228,"22898125,37","31361,3528","8751658,191",1412154171
1615420800,41377727588,"23030232,37","32212,26307","8744474,938",1393309556
1615334400,42175237126,"22545645,45","33278,5779","8642438,793",1431180274
1615248000,40878174072,"22326575,75","33106,19491","8591981,469",1494881159
1615161600,39250654914,"22752947,64","35019,82015","8655907,461",1494934792
1615075200,40920419342,"24779079,3","44242,59981","8834425,432",1444558060
1614988800,39472023912,"25815750,21","44969,63008","8880981,109",1405715507
1614902400,39558961055,"25691640,94","45342,97221","8854645,962",1423529661
1614816000,40523482831,"25788303,88","45171,67337","8781966,74",1453065402
1614729600,38993673405,"26165860,36","45021,6374","8813130,461",1476694893
1614643200,39475319859,"25132950,39","44740,55414","8701537,323",1439383742
1614556800,36283257202,"25555908,89","46091,76558","8790260,66",1328210820
1614470400,37041966782,"25352976,82","46722,24942","8779262,131",1269394394
1614384000,36522502780,"25271066,04","46984,01765","8704069,055",1268397519
1614297600,37133177961,"25160366,13","48701,67469","8769926,982",1290685994
1614211200,39655371317,"24406159,07","48255,27908","8699194,719",1305211318
1614124800,38053410378,"24134845,17","48753,19485","8639623,618",1231082031
1614038400,42621497156,"23953812,22","48732,7636","8648838,982",1383508988
1613952000,45311420881,"23388109,08","48715,99794","8595951,65",1469804907
1613865600,44921583539,"23393855,7","48849,15905","8599041,777",1466748870
1613779200,44683959612,"22823906,59","48730,81486","8508119,183",1453270171
1613692800,44194841091,"22765121,56","49898,8578","8504888,95",1483110295
1613606400,43544057773,"23518894,8","50265,41267","8584452,747",1272606182
1613520000,42231397141,"23684787,47","49331,87718","8563606,181",1246313715
1613433600,42120830462,"23669504,74","50880,57274","8599049,477",1134396906
1613347200,42715105877,"23671304,61","50840,13736","8568460,31",1083413209
1613260800,43159325378,"23752414,84","50664,44981","8623879,617",1122239536
1613174400,44079240977,"23879538,97","50952,98711","8603286,611",1127016407
1613088000,42956562378,"24025057,4","51099,4562","8627644,359",1104470556
1613001600,41121248183,"23586000,36","52222,24752","8579315,963",1047763351
1612915200,41348157864,"23312993,2","50711,40642","8625915,552",1041083912
1612828800,39552755174,22605708,"48274,73804","8471638,561",1006295511
1612742400,36345681935,"22507017,29","50057,89628","8446054,749","979651717,7"
1612656000,37025306986,"22047534,74","50276,15923","8379567,032",1048438991
1612569600,37766429620,"21956205,3","49920,20983","8440166,049",1045455108
1612483200,34925137093,"21853752,26","47531,03878","8312439,064","989897992,6"
1612396800,34261545690,"20587891,6","46475,10438","8100797,82","970659804,3"
1612310400,31561064862,"20843254,81","45591,70643","8048756,703","942601105,1"
1612224000,29638521593,"21552153,57","44221,69453","8036004,506","945334704,9"
1612137600,28619220902,"21778240,12","45094,14882","7971157,621","941261186,1"
1612051200,29397777466,"21333500,82","44974,29907","7841573,242","951679489,3"
1611964800,28796209981,"20867272,46","44494,05451","7730992,404","927395072,4"
1611878400,28013672882,"21059270,11","44138,51683","7693491,016","920897807,9"
1611792000,26039188020,"20859552,53","43242,31008","7661398,515","930978533,5"
1611705600,27548374439,"20176785,76","43551,6058","7561040,741","938004554,3"
1611619200,26823037072,"20318789,4","41663,63268","7580684,605","912441877,9"
1611532800,27404096948,"19769365,63","39188,39623","7527092,298","875859313,9"
1611446400,25127025899,"20367704,41","38156,24561","7533936,853","830158635,6"
1611360000,24582842847,"19871667,84","37766,65043","7482700,835","791869038,9"
1611273600,22512134033,"20169090,76","38524,64382","7430999,059","758833153,2"
1611187200,26172820967,"18999543,37","38598,353","7404719,533","753979100,4"
1611100800,25707775723,"18735397,53","37043,66304","7361264,163",751502594
1611014400,25234086947,"20053950,89","36031,45513","7555700,934","753460716,4"
1610928000,24678243797,"20020641,71","33564,60637","7493839,1",736807845
1610841600,24226883049,"19701618,33","32699,18678","7413560,414",710915174
1610755200,23375864947,"19938302,26","33441,72286","7380952,917","613512630,5"
1610668800,24274195203,"19805968,67","32848,06428","7281720,967","646224654,6"
1610582400,23352787186,"20663257,58","32438,93044","7191072,721","714725117,8"
1610496000,21480324355,"20463103,48","32794,21229","7176685,567","727646883,5"
1610409600,21565080000,"19825947,85","32703,19543","7115477,659","725868216,2"
1610323200,23864594311,"18989285,22","31417,33553","7026834,311","783651639,3"
1610236800,24119912664,"18852518,89","30397,60228","7055330,916","820499609,1"
1610150400,22920366690,"18835045,35","29906,34548","7015708,522","826285485,6"
1610064000,22704444411,"18439858,37","30518,1584","6955348,046","748382217,9"
1609977600,22459786848,"18572398,18","31203,06925","7017956,496","735347902,1"
1609891200,21171928493,"19238637,78","30990,75501","7139522,588","716679453,6"
1609804800,19500130983,"18824700,72","31107,91179","7132433,016","692319660,4"
1609718400,18903438607,"19388341,02","30996,73916","7331292,741","499519873,9"
1609632000,16768818852,"21737881,09","32560,98552","7478493,632",515499638
1609545600,16075408266,"22038919,49","32292,20031","7519497,387","529663536,9"
1609459200,15764188182,"21379518,79","32134,78494","7432522,672","542013673,1"
1609372800,15721442249,"20902837,64","32238,99137","7409347,54","557740786,4"
1609286400,16456392624,"22499237,95","32688,8791","7471693,718","636809081,8"
1609200000,16194680292,"22210354,92","33224,86871","7441619,664","641556037,3"
1609113600,15725782075,"23021537,54","33834,65511","7465108,564","660341645,8"
1609027200,15460376942,"24320623,17","34358,09016","7534599,828","715807745,3"
1608940800,15321157991,"24473911,36","34523,13565","7510883,66","945585030,5"
1608854400,14970460967,"24445560,04","35028,65266","7507376,046","928406911,9"
1608768000,14623503766,"22585957,07","33791,95914","7451793,559","982150709,4"
1608681600,15259264636,"24252236,42","33499,32995","7468077,151","995637719,2"
1608595200,14709978318,24264282,"33807,91436","7477741,005",1005910188
1608508800,15036800977,"23774726,04","33048,8865","7448947,055","993321051,3"
1608422400,15342048929,"23607147,25","32788,37052","7358968,892",1027196104
1608336000,14859641535,"23132887,38","32608,47055","7324023,741",1003921335
1608249600,14629436695,"22877440,22","32873,81855","7278412,964",1016383721
1608163200,14521379014,"22967053,65","31764,24052","7278032,731",1044791822
1608076800,14187844740,"24151578,42","45426,30646","7280962,934",1036476891
1607990400,13984498524,"23897772,52","44738,89008","7222588,045",1032452279
1607904000,13841607860,"23455581,68","43894,01836","7222141,614",1030875893
1607817600,13462877237,"23599209,85","43553,57629","7170230,461",1056189252
1607731200,13012255776,"23828478,93","43296,62692","7159349,152",1013311038
1607644800,13257088394,"23612653,88","43000,00717","7112902,812",1042817489
1607558400,13500399591,"23567076,18","42021,40963","7141733,876",1047492258
1607472000,13235143579,"23708698,01","41842,69102","7152066,252",1035643208
1607385600,13877111741,"23499816,67","42366,08305","7141206,618",1016725201
1607299200,13711415186,"23029687,24","41222,23725","6936897,983",1000350591
1607212800,13588001965,"22881202,26","40544,67386","6884955,19",991023924
1607126400,12963421465,"22706593,8","40043,34173","6830033,816","976814367,2"
1607040000,13630675129,"22221873,73","39041,4206","6846500,023",1007476771
1606953600,13342208047,"22432550,48","38542,69295","6875020,075","978837716,8"
1606867200,12945465634,"22109348,33","38020,92509","6857987,41",1017099420
1606780800,13338635972,"21752859,59","39319,02735","6850600,929",1038261023
1606694400,12530350562,"21649591,49","38804,83264","6848454,603",1042532829
1606608000,12058211504,"22337880,93","38348,53372","6925529,88",1030194706
1606521600,11638507148,"22249530,96","38305,76739","7298588,571",1015961969
1606435200,11725651887,"22591907,61","38691,46973","7438277,247",1016877821
1606348800,12441125185,"21791745,08","38539,82527","7513979,053",1038156675
1606262400,12822679418,"21323864,46","38433,17503","7497149,149",1031753941
1606176000,12873633349,"21262215,05","38400,29724","7644246,021",1014916155
1606089600,12992974733,"23195941,61","39088,03936","7721669,255",1016685161
1606003200,12920819146,"23561798,65","39415,47232","7170792,416",1024856785
1605916800,12769827023,"25343495,39","40772,75465","7167136,041",1076620185
1605830400,12260137916,"26135446,42","40789,55004","7198837,964",1080407380
1605744000,12383343846,"25968510,35","41661,07425","7201238,71",1172657491
1605657600,12021441689,"25729576,49","44450,04516","7209561,576",1168490688
1605571200,12371720428,"27664656,05","45020,22836","8701146,291",1118267081
1605484800,12117951412,"27747024,51","46005,70777","8971438,588",1125179791
1605398400,12389337099,"27552572,46","46371,86233","9093530,791",1117065835
1605312000,12595236556,"27088719,61","46763,9507","9085998,906",1136256500
1605225600,12194459737,26950661,"46805,77829","9059948,595",1125727779
1605139200,12289517133,"27070747,8","46676,53731","9079830,994",1126430555
1605052800,12070199373,"27473771,01","46558,62126","8930324,203",1058405312
1604966400,11669241876,"26825458,25","46501,61377","8913709,297",1017787871
1604880000,11441902223,"25815318,36","46329,0695","8709682,254","940763373,8"
1604793600,11038320408,"25825830,01","46390,39083","8759848,018","961414881,2"
1604707200,11369196510,"25480274,19","47264,41117","8863665,103",978235835
1604620800,10816677251,"26746162,33","48082,39831","8974258,047","956972592,6"
1604534400,10457644481,"26731068,95","48844,61848","9012614,662","938361121,3"
1604448000,10245464541,"27150541,06","48769,55099","9051976,397","953055785,9"
1604361600,10209141166,"27151135,31","50979,98229","9138678,358","941583406,3"
1604275200,10467340805,"27178023,76","50469,01448","9200949,491","918700082,5"
1604188800,10362818933,"27444766,37","49580,34085","9258541,003","904903559,4"
1604102400,10256770043,"27474482,98","48576,20782","9161858,25","916634683,4"
1604016000,10301007274,"27397446,44","48344,63553","9178363,736","926329457,7"
1603929600,10528994690,"27720552,23","49084,41888","9197223,515","984968839,8"
1603843200,10792716708,"27483376,61","49238,40467","9255726,271",1037973061
1603756800,10594592710,"27508045,82","48466,54973","9289589,438",1064169124
1603670400,11817171406,"29647859,26","60948,28319","9468364,12",1141414889
1603584000,11843989944,"29479037,6","61149,10361","9353721,796",1147736040
1603497600,11725150084,"29256627,82","61028,80653","9221319,313",1148427100
1603411200,11755327860,"28970261,67","63027,38766","9247671,047",1092606758
1603324800,11493995080,"30053591,6","64517,74135","9453151,031",1061233404
1603238400,11075265215,"30643589,5","58875,85215","9591634,754",1051570124
1603152000,11210817814,"30132538,76","57315,67578","9540358,667",1032906006
1603065600,11295905045,"30419274,34","57170,86254","9457651,58",1054075173
1602979200,11156711774,"30712492,14","57775,63658","9502639,66",1068475009
1602892800,11113033137,"30856592,88","57117,38108","9518797,033",1068624601
1602806400,11317869876,"30716619,93","57545,18497","9435352,669",1057544821
1602720000,11312442911,"30417484,18","56126,94702","9238799,535",1049892587
1602633600,11289731530,"30106862,67","56002,43369","8984826,617",1042066973
1602547200,11425563742,"30111036,7","55435,7177","8974352,613",1011152671
1602460800,11263012077,"30555291,03","55242,83643","9047088,85",999026400
1602374400,11123820884,"30470061,29","53790,20417","8951911,558","983867592,4"
1602288000,10963553899,"30443768,11","51283,65625","8847515,686","976321508,8"
1602201600,10645991362,"30738745,09","50192,07988","8927430,298","954276357,3"
1602115200,10303327462,"30610288,56","49883,91987","8840280,967","949088536,1"
1602028800,10425660798,"30948162,46","50001,87035","8770525,101","957217005,9"
1601942400,10794242884,"31054418,74","49540,92313","8800455,871",925115035
1601856000,10952639069,"31448969,42","50805,51186","8935630,305","929256147,3"
1601769600,10906744508,"31815566,33","49472,05544","8977625,47","935608677,8"
1601683200,10744814709,"31389908,8","48585,41068","8901248,114","932400981,9"
1601596800,10913587707,"31216587,28","47195,91906","8949530,542","952107414,6"
1601510400,10886593248,"30587368,07","46964,74341","8709446,321","978043971,3"
1601424000,10961539655,"30876761,63","46368,39817","8708524,462",1003868240
1601337600,11043482238,"31541990,98","46183,95428","8758999,938",1015674033
1601251200,10926223801,"30962076,14","45906,29495","8536019,877",1033348096
1601164800,10885621740,"31017078,8","45315,93888","8465009,004",1045466413
1601078400,10714389908,"30651171,5","44305,75185","8397154,568",1015786881
1600992000,10418117030,"30175793,97","43534,47042","8294649,678",1013411001
1600905600,9976475628,"31107667,71","43189,99194","8195756,261","996400545,8"
1600819200,9913247936,"29081463,94","41976,16437","8402421,682","924945001,7"
1600732800,9732135417,"28909470,05","41790,42887","8603791,375","884604372,6"
1600646400,10147720321,"27729459,26","42976,51693","8633530,859","862241471,4"
1600560000,10417943361,"27465505,22","53975,4461","8709009,803","801486514,2"
1600473600,10583044792,"27906545,76","53653,92978","8933479,649",718864148
1600387200,10643056927,"27642434,5","56819,31809","9767287,573","681697499,5"
1600300800,9900757711,"27419569,12","58139,48214","9794040,127","678086611,2"
1600214400,9998590176,"27701900,43","58475,37022","9326011,237","729247838,9"
1600128000,10269799429,"27441652,75","57612,53673","9308513,239","608979047,8"
1600041600,10128559904,"27715928,77","44193,18222","7393098,243","515577674,8"
1599955200,10346023957,"26788713,93","39088,57075","6688504,361","460513259,5"
1599868800,9900809136,"26591990,16","35792,17315","6460639,611","442280125,4"
1599782400,9596589282,"26144048,98","37710,01252","5843097,384","408630149,7"
1599696000,8880510342,"25386824,13","39058,60424","5902281,869","465426205,7"
1599609600,8195849617,"24555543,49","33557,12113","5908270,59","468958105,6"
1599523200,8418387768,"24197488,34","33344,24228","6615004,606","463781672,9"
1599436800,8301578894,"23684218,58","33120,11169","6761665,844","470297552,7"
1599350400,7832434532,"23514240,18","32179,83058","6971164,301","487077546,7"
1599264000,8738948809,"22770034,67","32845,46287","6789487,731","452721321,5"
1599177600,8564425272,"22420161,98","32836,09439","6859208,801","521583047,5"
1599091200,9217999901,"21241521,77","32744,70794","5265543,739","471475073,5"
1599004800,9389400216,"20151925,41","28974,03821","5084402,404","445933629,1"
1598918400,8474524072,"19859940,34","28223,3647","5127363,965","485339010,2"
1598832000,8391765342,"19920576,88","25064,66948","5126843,425","486929649,3"
1598745600,7927877473,"20112205,31","23834,80498","5592377,825","467070262,1"
1598659200,7621153646,"19571029,86","23237,27318","5598975,592","467821351,4"
1598572800,7099677988,"18840377,99","21763,71491","4986394,247","549196654,6"
1598486400,7251742390,"19030405,55","13002,85338","4857527,933","565727135,8"
1598400000,6860708032,"18148904,9","10986,1215","6459630,066","568949661,8"
1598313600,6815882620,"17043545,78","10447,89359","6614349,39","512448007,2"
1598227200,6732199115,"17576163,33","10870,3271","6504004,909",635038705
1598140800,6760130659,"17475251,54","10509,84679","6076407,223","649182701,2"
1598054400,6461029586,"17012573,42","9791,332078","6754996,85","644187606,6"
1597968000,6654566227,"16353587,64","9906,982846","6546102,834","649574673,2"
1597881600,6286090940,"15780580,17","10310,59029","6383288,733","606253781,2"
1597795200,6225513079,"15023754,26","11147,44466","6205154,288",579460371
1597708800,6262008793,"14860053,54","11608,06519","5808143,366","575721935,1"
1597622400,6109315238,14580930,"11008,87074","5315083,049",552935477
1597536000,5766645712,"13679194,81","7010,744483","4991733,701","518036412,7"
1597449600,5622256683,"13214198,53","5482,726556","4838926,255","546114297,4"
1597363200,4875814506,"11889868,27","4213,64317","4567249,772","527947603,7"
1597276800,4583381239,"12146139,83","4255,581998","4458393,898","518764607,1"
1597190400,4557309417,"12328922,53","4153,950846","4467793,506",519131090
1597104000,4702218634,"12181120,52","4211,333524","4502566,715","502962163,7"
1597017600,4585916417,"11966120,9","2209894,962","4406904,895","465840728,4"
1596931200,4527356716,"11700366,91","4210,175638","4381251,933","476240198,4"
1596844800,4372412153,"11732150,77","4285,359508","4381347,166","472805750,8"
1596758400,4417837380,"11437871,21","4249,182618","4370513,357","454535169,5"
1596672000,4446727590,"11348470,44","4196,349416","4486878,007","476204736,4"
1596585600,4263443491,"11167854,89","3656,394707","4444012,863","520166728,7"
1596499200,4192888091,"11053006,19","3667,911953","4377833,204",528170211
1596412800,4092687235,"11225509,62","3791,778641","4421775,871","511406979,9"
1596326400,4109986378,"10841437,51","3733,592964","4363550,964","512805784,6"
1596240000,3904412529,"11501674,04","3484,622261","4368182,571","477341051,9"
1596153600,3811507822,"11521925,02","3385,379979","4346389,545","459213800,8"
1596067200,3689105363,"11712746,55","3281,180485","4339015,908","439747246,8"
1595980800,3596054647,"11505932,47","3127,699157","4238792,556","402962382,3"
1595894400,3539090362,"11171620,5","2882,984476","4231040,586","403844405,1"
1595808000,3656975794,"11917628,4","2760,776181","4183263,696","400614983,7"
1595721600,3908218847,"13070209,35","2511,786578","4158853,687","373748258,9"
1595635200,3671379287,"13330330,65","2365,414596","4187755,758","373107581,4"
1595548800,3566630631,"13129958,26","2391,949908","4081438,958","333337253,1"
1595462400,3329676195,"12828202,84","2424,766132","3938982,013","315257918,8"
1595376000,3041142167,"12578812,58","2466,338889","3816294,874","278203322,9"
1595289600,2949231356,"12625378,69","2590,142213","3719130,357","293450922,9"
1595203200,2769406111,"11790908,72","2473251,185","3701039,622","297263404,3"
1595116800,2627415023,"11282762,5","2944,71663","3654060,53",274146819
1595030400,2554599588,"11183327,25","3147,654967","3645179,518","263311771,1"
1594944000,2526725948,"10927477,23","3059,895126","3627582,704","195325438,6"
1594857600,2521712793,"10724197,72","3076,758182","3713346,195","153939161,4"
1594771200,2481124060,"10483822,5","3096,853469","3695715,504","136403176,7"
1594684800,2416944091,"10260202,85","3080,687243","3693249,701","131424379,2"
1594598400,2443451039,"10274141,05","3122,632174","3744315,456","133969474,2"
1594512000,2439146124,"10371211,66","2899,430218","3790932,767","148416182,8"
1594425600,2372113727,"10016281,96","2801,822733","3648876,658",157665511
1594339200,2346866499,"9884568,064","2847,969443","3577069,094","177563051,7"
1594252800,2365516303,"9794731,199","2767,072461","3566898,15","184186866,5"
1594166400,2239292080,"9544416,699","2727,730624","3504104,192","172945421,3"
1594080000,2212403890,"9358110,315","2657,398128","3442360,793",165665911
1593993600,2111438458,"9355199,607","2656,134341","3435314,917","160112655,3"
1593907200,2096655645,"9197128,021","2571,726579","3432080,938","153375147,9"
1593820800,2059591721,"9177135,524","2508,952686","3377142,118",141706926
1593734400,1952147003,"8690040,476","2356,346972","3210377,814","128305273,4"
1593648000,1945131618,"8460824,598","2245,269232","3149039,703","124269747,7"
1593561600,1802942676,"8048697,155","2240,09413","3096780,213","106847012,3"
1593475200,1858824335,"8260600,522","2545,376676","3121267,607","106586485,4"
1593388800,1848230957,"8270993,795","2538,149413","3077113,424","102886494,8"
1593302400,1831327764,"8321602,91","2497,339585","3263204,587","97575040,72"
1593216000,1833750845,"8039953,857","2368,320634","3182776,556","93702654,29"
1593129600,1820070921,"7860947,013","2341,324199","3157428,071","91408896,73"
1593043200,1739841181,"7479393,172","2261,672061","3139524,311","81876662,74"
1592956800,1693473987,"7074237,332","2124,633999","3207148,492","60656978,51"
1592870400,1632982358,"6857513,347","2011,972836","3196018,798","33969597,3"
1592784000,1638748922,"7213592,81","1861,372437","3136151,224","38373383,81"
1592697600,1552513314,"6829253,961","1772,920758","3360998,667","47875771,29"
1592611200,1465518554,"6485729,484","1652,59846","3398161,308","47039949,55"
1592524800,1358773463,"5990159,432","1537,468619","3364521,698","49028820,23"
1592438400,1229083522,"5384935,891","1510,944192","3358339,771","45683835,73"
1592352000,1149017994,"4999541,307","1507,765138","3337297,372","43186623,48"
1592265600,1073091601,"4758272,795","1477,594045","3250451,803","38168972,09"
1592179200,1068310389,"4700201,861","1461,551967","3284105,676","39163211,33"
1592092800,1089108258,"4693669,427","1409,184678","3429903,138","36436365,99"
1592006400,1099623053,"4722825,31","1390,121758","3405275,273","41445792,68"
1591920000,1060949756,"4702102,736","1449,532478","3163760,958","39425065,49"
1591833600,1070395439,"4465568,043","1444,402259","2926219,588","38393952,28"
1591747200,1073812717,"4509979,322","1474,276604","2875015,124","38740199,97"
1591660800,1100666779,"4576561,321","1393,031162","2852405,278","36862539,6"
1591574400,1111737161,"4669528,549","1360,934541","2839699,566","47206942,3"
1591488000,1118034874,"4744772,284","1350,549602","2767934,365","42224828,3"
1591401600,1110696328,"4732406,412","1374,309449","2727823,371","45645009,31"
1591315200,1092912245,"4621407,206","1286,530437","2711908,248","44359293,99"
1591228800,1067322459,"4500490,954","1285,237044","2704067,614","46864407,44"
1591142400,1024781039,"4427349,76","1281,560411",2692071,"32528999,28"
1591056000,1041685503,"4375553,729","1675,016586","2661264,401","35124122,2"
1590969600,1012667254,"4481468,56","1266,675593","2743983,248","37091392,14"
1590883200,1043451324,"4393780,437","1270,15936","2705994,48","37324118,88"
1590796800,"965396151,4","4510510,496","1261,385475","2719858,943","45014042,22"
1590710400,"959746882,6","4503603,384","1227,122981","2701750,558","44947913,44"
1590624000,929592205,"4597190,938","1222,727494","2685724,895","45128428,89"
1590537600,"918551756,8","4637435,893","1202,48388","2676157,534","44951565,29"
1590451200,"923878319,1","4588601,472","1204,876219","2681687,084","43314949,6"
1590364800,"916416767,4","4567263,177","1202,994864","2685103,12","34997600,35"
1590278400,"935036154,7","4580585,928","1213,972882","2660632,574","36957873,09"
1590192000,"942793469,2","4619832,427","1216,6866","2633920,812","39955389,01"
1590105600,"906343970,9","4559011,16","1216,082123","2650013,999","37079982,65"
1590019200,940001049,"4519287,066","1198,73381","2667416,656","37737466,69"
1589932800,"953101562,9","4465093,319","1204,417008","2673879,521","37073962,58"
1589846400,"947386022,9","4428430,73","1204,845809","2673014,168","35122722,8"
1589760000,920891399,"4463670,196","1201,775301","2643910,488","35634087,82"
1589673600,"905531317,7","4514473,268","1203,429671","2650166,575","35064339,66"
1589587200,"885921967,3","4545173,948","1191,722941","2661964,568","35248045,38"
1589500800,"911137392,3","4496292,428","1186,191326","2660411,395","35638114,05"
1589414400,"900968232,7","4505782,897","1181,416742","2640421,732","37612628,21"
1589328000,"882088773,6","4602751,092","1183,307064","2722072,956","37807186,97"
1589241600,"875362421,8","4688391,335","1186,878926","2767510,774","38362514,67"
1589155200,"891179066,2","4740456,283","1184,161356","2834955,82","37330232,79"
1589068800,"956673014,1","4579337,247","1179,411934","2846341,728","35958094,37"
1588982400,"957337658,3","4550620,19","1181,737896","2843085,75","36249360,34"
1588896000,"950248172,3","4509636,954","1177,306034","2832660,981","36403920,59"
1588809600,"925023726,9","4662673,738","1187,646997","2828967,838","35760919,92"
1588723200,"915421617,1","4466656,323","1096,407051","2831169,089","35527387,08"
1588636800,"910957279,8","4406351,27","1094,488474","2810693,285","38392349,9"
1588550400,"920663374,7","4381769,144","1086,412771","2787513,314","39374297,87"
1588464000,"926049895,2","4347993,426","1090,87133","2792944,183","40479678,71"
1588377600,"906217997,4","4266146,305","1087,73632","2786757,992","32009247,71"
1588291200,"884708621,6","4284450,621","1092,932815","2797762,383","31235194,13"
1588204800,"936184526,8","4364211,281","1089,193622","2846786,337","30815727,28"
1588118400,"864917895,4","4412879,449","1083,260644","2801741,655","31503407,47"
1588032000,864135679,"4411690,986","1089,816785","2801662,446","31752314,22"
1587945600,"829829845,6","4230241,218","1086,545317","2822985,443","32628617,86"
1587859200,"833823998,3","4299861,259","1080,537771","2789898,788","34916043,44"
1587772800,"815847103,5","4362698,767","1080,278671","2798821,827","34513773,21"
1587686400,"804539393,1","4352872,279","1091,404551","2748726,478","33026962,71"
1587600000,"818364917,8","4455287,363","1100,027109","2797178,344","25417430,4"
1587513600,"775426391,3","4475790,413","1102,494621","2791127,916","25845782,55"
1587427200,"776865838,2","4484584,196","1105,709701","2784324,502","25765958,31"
1587340800,"807718666,5","4437570,808","1107,637768","2761252,53","28265112,35"
1587254400,"818909048,2","4332991,967","1114,205766","2700555,529","28732086,3"
1587168000,"766300864,9","4443097,058","1109,15543","2671491,842","28919650,4"
1587081600,"768015595,1","4430480,186","1108,316953","2665978,888","28037630,35"
1586995200,"704049811,1","4509042,165","1105,564944","2658474,375","28580779,45"
1586908800,"726493527,7","4509222,025","1106,188906","2642440,925","29094262,2"
1586822400,"714493350,5","4543752,995","1096,916503","2642369,151","29370578,79"
1586736000,724050945,"4546490,355","1091,354976","2650460,225","28893722,52"
1586649600,"718579297,2","4505002,885","1083,912064","2641510,105","29251415,27"
1586563200,"712184951,2","4506363,601","1085,034235","2651543,04","31619953,47"
1586476800,"752727537,6","4429023,02","1060,836175","2643771,468","33056730,74"
1586390400,"762915327,1","4409205,17","1053,351389","2638068,208","33663241,7"
1586304000,"743961618,5","4515780,607","1051,433725","2651494,889","36650564,87"
1586217600,"775775916,6","4529202,413","1053,218085","2752346,921","42499007,84"
1586131200,"698557525,3","4866263,439","1052,387649","2790832,497","44122771,55"
1586044800,"701810621,2","4852727,532","1058,650259","2788955,052","43949316,82"
1585958400,"688398419,5","4866942,348","3182,154694","2788386,915","43381446,38"
1585872000,"688286535,6","4861105,308","3263,072148","2788578,663","42997720,74"
1585785600,"668963269,2","4912412,047","3571,650159","2783159,912","43555139,37"
1585699200,"653467456,7","4869129,065","3571,119674","2787721,856","46036292,39"
1585612800,"615090422,3","4637187,664","3393,259511","2755034,61","23653697,55"
1585526400,"612080645,8","4858419,346","2841,75809","2761021,355","48606727,7"
1585440000,"629235523,5","4762870,839","2617,623313","2730093,246","55757509,59"
1585353600,"626705103,2","4718805,019","2709,897031","2702323,194","58899035,64"
1585267200,647359645,"4626460,579","2529,94467","2684650,183","58982824,53"
1585180800,"623956617,6","4552300,983","2484,48377","2634372,606","52249005,14"
1585094400,"631672697,9","4524949,871","2601,975529","2641576,566","58076078,72"
1585008000,"613170446,1","4470258,453","2454,311987","2638983,072","57844628,65"
1584921600,"570163063,2","4604859,894","2535,849136","2665147,938","55992201,13"
1584835200,"655711299,6","4918023,784","2821,13163","2668163,739","55519611,45"
1584748800,"602633349,2","4507249,03","3029,135288","2674250,263","53151356,31"
1584662400,"613066996,1","4469014,019","3841,682783","2681322,341","53160994,93"
1584576000,"556116933,1","4651564,454","3876,017303","2721954,924","53281062,23"
1584489600,"540050521,3","4639588,322","3897,260596","2731573,861","53984304,3"
1584403200,"531994900,1","4748323,149","3004,940738","2792426,003","49320132,58"
1584316800,"581738124,2","4621347,641","5125,7692","2778716,782","54914089,69"
1584230400,"592936562,4","4785737,795","5655,134377","2797851,893","60199182,55"
1584144000,"658190048,2","4846710,348","5335,862591","2862875,244",59986275
1584057600,"558649826,6","5117662,386","5220,655869","2906948,038","71583570,44"
1583971200,"890726124,7","4535591,363","4417,887606","2758367,955","89025323,52"
1583884800,"911019776,9","4514915,403","4200,822427","2774012,116","92442034,01"
1583798400,"931008056,2","4572023,693","4103,294792","2777718,779","90797118,63"
1583712000,"888387474,7","4414903,434","4159,407302","2690176,958","94280312,6"
1583625600,1026207107,"4270842,016","4311,869315","2699742,614","94073660,66"
1583539200,1045740982,"4237936,176","4897,807989","2716352,706","94479111,47"
1583452800,"990777784,6","4313103,712","4684,329735","2725892,535","93253575,97"
1583366400,"991496141,4","4365191,078","4078,62052","2738290,367","94879383,85"
1583280000,"973511330,1","4319816,481","4492,204279","2662855,447","90593342,48"
1583193600,1012876257,"4332410,687","4826,723362","2712434,15","87297806,7"
1583107200,"953481697,4","4321638,095","5267,292007","2723069,897","87012667,89"
1583020800,"977557587,2","4402894,225","5243,371379","2832722,152","86832125,22"
1582934400,"998282458,4","4352684,368","4759,072425","2819580,625","91541613,86"
1582848000,1002430506,"4363952,573","3987,272715","2822176,663","116448715,5"
1582761600,"966279308,7","4299024,093","3204,793909","2836038,504",117867634
1582675200,1045145569,"4214575,002","933,062041","2868020,765","96195432,05"
1582588800,1108759728,"4156063,946","896,33","2854856,599","93831585,06"
1582502400,1159778493,"4218978,516","896,32","2934568,389","91712066,74"
1582416000,1100187136,"4160928,278","896,07","2825197,18","90349428,55"
1582329600,1109374450,"4164151,366","896,2","2837183,459","88321882,67"
1582243200,1078427944,"4177115,744","895,91","2818723,13","88038737,27"
1582156800,1082409315,"4174487,795","895,91","2842249,197","88731511,47"
1582070400,1230528502,"4364726,048","895,84","3108694,895","87902870,78"
1581984000,1194520985,"4469219,856","895,84","3141949,122","95650970,08"
1581897600,1164109173,"4498357,714","895,93","3169224,476","95836780,99"
1581811200,1176140998,"4447763,321","895,8","3141606,018","92412003,6"
1581724800,1262695526,"4429713,899","896,23","3185632,387","92278538,71"
1581638400,1191916908,"4451594,888","896,67","3186130,852","90316533,62"
1581552000,1189922546,"4485102,657","895,83","3194391,353","87849053,88"
1581465600,1101142548,"4652559,61","896,3","3207016,154","86694904,59"
1581379200,1037926377,"4670713,731","898,39","3186778,888","85187731,43"
1581292800,1044638889,"4586654,102","897,98","3118547,837","85730078,44"
1581206400,1048865326,"4712624,627","896,66","3088799,063","87288047,99"
1581120000,1044735094,"4695429,755","893,43","3083687,729","85948944,55"
1581033600,1025753100,"4825553,202","886,72","3087612,546","83540667,49"
1580947200,"997882314,7","4909982,614",880,"3093579,161","81664507,42"
1580860800,"941968867,1","4994657,407","882,01","3137382,881","82908581,41"
1580774400,"927063174,9","4900455,007","876,27","3131260,922","77490738,25"
1580688000,"924690095,5","4919727,836","878,09","3135737,821","78419005,22"
1580601600,"918521106,9","5017883,977","870,56","3186690,009","76031781,1"
1580515200,"902389623,1","5034688,273","872,56","3186275,95","77009835,84"
1580428800,"921235557,5","5009243,871","875,23","3183686,143","76501740,03"
1580342400,"870711116,4","5023882,102","867,67","3176957,2","74406770,51"
1580256000,"887011832,4","5064923,2","867,33","3190984,08","71965603,89"
1580169600,"851264235,3","5023450,818","867,62","3160090,546","68315504,43"
1580083200,"830382930,9","4950546,896","871,82","3149071,404","65451645,18"
1579996800,"801879630,7","4964857,888","880,64","3140376,726","64289358,11"
1579910400,"798469730,1","4899172,246","881,02","3138169,83","62580023,69"
1579824000,"802111167,6","4925057,509","880,87","3142560,925","60946956,91"
1579737600,"831220322,6","4926680,935","880,01","3141536,044","61047542,7"
1579651200,"831371798,4","4918330,112","881,78","3140851,023","59765144,6"
1579564800,"812142582,7","4868705,748","881,72","3122569,372","57579373,5"
1579478400,"820978438,7","4918568,446","886,48","3113706,422","63985413,48"
1579392000,"847340992,8","4869594,439","885,51","3091349,345","61324085,98"
1579305600,836211689,"4936050,559","885,53","3083111,883","63203600,24"
1579219200,"806269321,9","4915679,757","887,46","3082792,799","57569739,02"
1579132800,"803280813,8","4844868,612","886,05","3080445,482","55742022,92"
1579046400,"803929563,4","4860333,645","885,4","3070242,283","56619412,61"
1578960000,"727253078,4","5052921,128","882,13","3072451,772","53056631,46"
1578873600,"709674765,6","4841224,682","879,17","3064129,005","52201921,76"
1578787200,"686699130,1","4815817,372","875,66","3061035,527","60915369,62"
1578700800,"707299975,8","4882217,791","871,98","3056736,946","66241640,22"
1578614400,"674236447,3","4884823,577","866,53","3068952,123","63208188,65"
1578528000,"689827903,4","4905589,95","863,09","3068951,968","64320529,5"
1578441600,"710793141,7","4977419,121","859,12","3063324,613","79663986,76"
1578355200,"693208290,7","4801016,683","863,36","3049480,442","72726843,75"
1578268800,"691424122,6","5077697,634","863,47","3034323,435","56923679,27"
1578182400,"689242045,5","5101777,126","863,79","3015444,629","52407965,04"
1578096000,"683575275,6","5077609,863","865,44","3013289,905","51703672,72"
1578009600,"658209572,2","5124146,109","864,51","2980620,207","51535118,08"
1577923200,"686729183,4","5181622,604","865,34","2971125,547","49627207,72"
1577836800,"671393189,3","5130355,629","864,41","2938576,645","48163372,01"
1577750400,"675120390,2","5098023,12","863,05","2925904,067","47619446,32"
1577664000,"692702245,7","5103464,065","861,62","2942551,001","48426343,02"
1577577600,"668953564,3","5180005,145","862,56","2909299,851","47917522,21"
1577491200,"661860712,8","5208391,835","862,53","2894497,596","48089158,07"
1577404800,"655045691,3","5197623,603","861,8","2898010,119","44600178,41"
1577318400,"658840889,5","5232917,66","863,27","2906557,738","43830463,68"
1577232000,"663186941,4","5157927,872","862,81","2898911,941","45601377,8"
1577145600,"665515637,3","5178134,953","863,31","2884023,02","45360933,79"
1577059200,"684705336,6","5161030,777","863,01","2903344,092","44897171,56"
1576972800,670193904,"5172889,384","862,73","2890904,91","45638748,75"
1576886400,"666944301,6","5165932,069","862,37","2893212,922","43754069,28"
1576800000,"651719893,1","5062625,558","861,82","2929715,106","36219197,84"
1576713600,"661536317,2","4972339,153","860,72","2858856,559","34613652,99"
1576627200,"611826042,9","4998324,623",861,"2866839,392","33667613,76"
1576540800,"646221777,4","4826550,946","860,24","2803344,051","35893879,27"
1576454400,"661626699,9","4605952,253","859,16","2734171,242","33184196,89"
1576368000,"660550198,6","4609552,127","858,47","2734003,079","32561417,19"
1576281600,"665295087,6","4575590,985","859,86","2732783,67","29262813,53"
1576195200,"658321870,6","4519658,711","862,14","2730079,144","28998462,74"
1576108800,"656616418,4","4541844,563","859,61","2717448,274","29450223,13"
1576022400,"653026402,9","4456851,436","859,98","2713565,945","25227092,98"
1575936000,"667752105,2","4521991,962","860,49","2741817,477","23483416,12"
1575849600,"670618576,6","4420442,732","859,55","2728005,977","21555091,13"
1575763200,"663866817,5","4464438,799","858,81","2715980,008","20271578,46"
1575676800,"656056565,9","4403450,827","859,6","2680424,459","20121798,09"
1575590400,"648554960,7","4372315,041","856,91","2689802,93","17376415,85"
1575504000,"644304779,4","4418880,341","856,81","2677892,531","15752253,58"
1575417600,"659493072,5","4457054,506","73,73619615","2673279,907","14500674,16"
1575331200,"653342995,6","4370464,238","855,52","2654800,2","15982764,77"
1575244800,"650187082,3","4292827,809","854,63","2631273,629","16475534,01"
1575158400,"669067384,6","4384401,902","850,11","2640337,297","16845886,15"
1575072000,"672891424,7","4337467,747","850,93","2625784,337","10267228,73"
1574985600,"663871914,2","4382411,24","853,86","2637011,397","10910879,71"
1574899200,"672493533,7","4373422,736","853,07","2649596,017","11662649,43"
1574812800,"647954540,5","4364283,258","850,38","2645794,755","10769722,15"
1574726400,"640992615,4","4370737,86","847,39","2652057,36","10850409,68"
1574640000,"607115996,7","4292752,701","844,2","2606023,84","10915378,1"
1574553600,"633380078,9","4121643,191","834,17","2608290,426","9761522,614"
1574467200,"617817347,9","4097866,049","832,49","2610771,041","7365609,245"
1574380800,"623287228,7","3865846,962","831,52","2532715,769","6849867,734"
1574294400,"659900504,6","3764671,945","830,57","2497596,5","8213025,16"
1574208000,"650340482,5","3687192,068","73,73619615","2507284,877","6237760,834"
1574121600,641935675,"3591847,411","832,5","2468267,629","6273457,121"
1574035200,658036264,"3545913,546","830,13","2460557,287","6263471,724"
1573948800,"638676958,8","3470011,784","833,29","2446863,635","7712257,82"
1573862400,626993699,"3474589,424","831,97","2444778,795","8595595,054"
1573776000,"633841676,9","3420874,54","831,67","2452860,342","8690473,436"
1573689600,"643613621,9","3410886,94","830,37","2484092,135","6603891,313"
1573603200,"642795348,9","3432411,404","832,86","2442343,148","7088570,539"
1573516800,"635185498,8","3431114,994","832,76","2425461,062","7210184,399"
1573430400,"640152916,2","3373948,369","831,24","2447735,401","6524785,058"
1573344000,"638846833,6","3425973,381","824,35","2441871,972","6501736,604"
1573257600,"630758244,1","3428705,544","825,05","2443989,403","6074257,641"
1573171200,"633771975,4","3387866,629","824,56","2414299,3","6833706,829"
1573084800,"644750393,5","3360784,433","824,37","2415304,392","6998481,041"
1572998400,"632111772,5","3333633,049","823,71","2374370,365","7441909,481"
1572912000,"621480338,1","3332977,352","821,1","2344819,843","7852953,272"
1572825600,"602962065,1","3284968,835","820,08","2292820,324","7851758,713"
1572739200,"607120671,7","3280213,246",820,"2281868,359","7961488,553"
1572652800,"604169989,1","3280948,404","819,12","2291406,811","7778029,301"
1572566400,"597446578,6","3273444,199","820,03","2293624,48","7400296,384"
1572480000,603205631,"3280559,088","819,16","2303939,972","7652374,483"
1572393600,"623319837,3","3265998,099","818,72","2310478,037","7516357,493"
1572307200,"595769126,4","3271965,919","818,89","2293924,61","6907562,943"
1572220800,"601099898,1","3268830,139","818,88","2301826,863","6618763,488"
1572134400,"583992187,4","3254947,21","819,53","2335272,938","5841785,3"
1572048000,"592893783,9","3262425,195","820,82","2331464,175","5712909,148"
1571961600,"534510600,2","3280571,528","824,95","2329233,961","5834534,603"
1571875200,"529583424,3","3246059,12","823,22","2325937,771","5578075,711"
1571788800,"532713896,5","3082488,034","825,78","2215128,57","6548396,695"
1571702400,"539147007,9","3063687,395","827,06","2211262,225","6113316,993"
1571616000,"539681787,1","3039273,724","826,72","2213407,078","5562837,298"
1571529600,"531069084,2","3037736,036","825,26","2216832,546","5502405,853"
1571443200,"526018191,4","3016430,284","824,73","2215079,607","5667954,578"
1571356800,"539081915,4","2999883,673","822,95","2213609,1","5928068,74"
1571270400,"525878841,1","2966974,81","824,21","2213657,478","5869367,228"
1571184000,"534311401,5","2939919,3","822,99","2218507,476","6448339,095"
1571097600,"553424873,7","2931610,656","824,69","2225508,22","6162419,029"
1571011200,"542423218,5","2951311,4","825,38","2234035,713","6130620,377"
1570924800,"538471779,3","2934895,735","819,58","2232578,762","6089612,013"
1570838400,"533050351,3","2934068,976","821,11","2233543,444","5987331,11"
1570752000,"561820431,4","2909856,723","819,81","2247270,81","5886892,205"
1570665600,"560676295,8","2894558,481","817,14","2237312,937","6298608,188"
1570579200,"525179942,4","2887408,915","816,11","2202347,714","6138835,923"
1570492800,"517585581,7","2861371,59","816,87","2191859,416","6121512,232"
1570406400,"496401793,8","2882491,39","818,38","2187504,325","5987855,574"
1570320000,"518619378,3","2879579,462","817,89","2189953,561","6000905,215"
1570233600,"511046937,1","2887593,181","817,56","2198979,171","5977197,69"
1570147200,"503758030,1","2862211,816","819,19","2191472,419","5965591,959"
1570060800,"521606825,4","2865420,79","817,59","2191538,976","6597164,578"
1569974400,"504327101,3","2855345,803","816,11","2187520,56","6296458,865"
1569888000,"514682263,3","2837528,355","814,7","2191566,204","5541049,649"
1569801600,"494509165,1","2880889,587","814,74","2191646,945","5239549,526"
1569715200,"506676310,1","2877024,518","814,38","2193351,197","5214607,811"
1569628800,"503473271,4","2868966,909","810,79","2195661,774","5089549,552"
1569542400,"477545949,1","2868303,651","812,29","2184721,4","5164988,809"
1569456000,"475593763,8","2787612,164","813,78","2152658,074","4977887,9"
1569369600,"461746100,7","2773048,896","813,58","2158752,99","4687249,172"
1569283200,"544134693,5","2690423,185","813,39","2175560,515","4315155,452"
1569196800,"572705424,2","2694888,822","816,36","2180262,199","4643863,955"
1569110400,"579170286,6","2675590,448","816,52","2179627,968","4845446,553"
1569024000,"584423874,7","2672319,557","817,8","2182156,162","4973966,755"
1568937600,593238961,"2680885,642","818,93","2187080,443","4829067,29"
1568851200,"570146843,9","2704017,38","828,83","2183638,158","6050048,363"
1568764800,"562142150,7","2693368,446","828,91","2183638,516","5049391,087"
1568678400,"539909250,6","2714768,422","828,99","2164839,323","4968796,732"
1568592000,"522734851,9","2728897,519","828,78","2148540,189","4911628,83"
1568505600,"513369113,5","2708559,838","826,73","2047785,173","5469394,105"
1568419200,498118939,"2741898,053","829,8","2045442,77","5582172,066"
1568332800,"497193927,3","2745787,406","832,06","2046567,167","5756507,394"
1568246400,"485976550,7","2720266,016","833,39","2036819,667","5902517,898"
1568160000,"487837822,4",2702571,"830,47","2039009,84","5828788,45"
1568073600,"488723320,2","2699984,607","830,25","2031272,279","5970794,223"
1567987200,"489872031,7","2689028,482","831,63","2028352,056","5715440,633"
1567900800,"479050220,6","2678955,68","831,55","2020710,491","6000351,061"
1567814400,"459458961,2","2712330,48","830,82","2021581,105","5173635,881"
1567728000,471019165,"2704183,52","830,12","2084070,62","5152853,5"
1567641600,"474211204,5","2709025,186","827,51","2081829,137","5088380,94"
1567555200,"476994341,6","2668678,62","829,91","2080135,283","5238711,2"
1567468800,"473290071,2",2652858,"828,94","2073839,355","5123708,757"
1567382400,455582789,"2657129,421","835,54","2071187,398","4730599,662"
1567296000,"457675125,1","2639427,252","844,5","2074426,907","4580137,999"
1567209600,449044523,"2660481,447","845,32","2071381,457","4365845,46"
1567123200,"442801219,2","2617906,403","842,44","2069176,123","4673445,208"
1567036800,"447741177,3","2584271,478","839,09","2070361,136","4200513,813"
1566950400,472200506,"2514174,236","835,63","2053033,56","4451806,903"
1566864000,"468217269,5","2490867,25","843,85","2041670,313","4374045,611"
1566777600,"462895411,4","2476707,094","844,12",2044009,"4455186,481"
1566691200,470797529,"2462244,644","841,93","2052769,355","4063246,368"
1566604800,"478817417,8","2458475,132","846,56","2050488,34","3913268,891"
1566518400,"472810640,9","2481964,414","851,06","2051418,744","3849567,496"
1566432000,"461605820,6","2469305,096","850,94","2056476,915","4152757,087"
1566345600,477638409,"2434654,895","850,15","2021736,377","3513639,033"
1566259200,487563810,"2409043,065","848,03","1999646,329","4267089,471"
1566172800,"468873448,7","2408596,699","849,51","2007142,04","3607195,632"
1566086400,"448790041,3","2419606,423","844,92","1999223,371","3549204,278"
1566000000,"441350540,8","2385969,057","844,89","1992339,443","4106537,524"
1565913600,"445307525,1","2368753,025","856,59","1995138,284","4133484,449"
1565827200,"428375077,8","2301926,343","854,78","1952490,501","4150079,018"
1565740800,"465158763,3","2236217,554","842,4","1940996,023","3960620,154"
1565654400,"464219964,3","2207966,858","836,91","1922140,988","4071051,469"
1565568000,474676118,"2196105,28","832,6","1922487,833","4017228,539"
1565481600,"454440226,2","2209571,716","834,27","1917194,247","4005644,861"
1565395200,457771170,"2183703,187","833,29","1896015,917","3497085,297"
1565308800,"450503506,6","2040630,633","834,76","1886785,806","3785699,287"
1565222400,"460229842,9","2042545,091","832,88","1886990,211","3695670,929"
1565136000,"456375796,8","2026562,429","832,31","1863625,514","2772501,451"
1565049600,"478393538,9","2060216,287","829,5","1877321,455","3463529,82"
1564963200,"459238238,8","2069884,458","828,41","1881937,884","3517178,251"
1564876800,"457641697,9","2067302,447","826,26","1874756,335","3509216,906"
1564790400,448069561,"2065547,595","827,67","1882881,867","3231639,88"
1564704000,"446518787,9","2057487,509","827,2","1878174,385","3339796,16"
1564617600,"449598950,3","2064972,801","827,13","1894646,921","3410906,17"
1564531200,"433099901,5","2066877,794","825,45","1898795,059","3226455,097"
1564444800,"433583579,2","2062146,388","824,89","1912661,579","3083906,956"
1564358400,"431639427,4","2049424,851","829,9","1895433,331","3164839,924"
1564272000,"423157866,5","2046073,942","830,13","1879663,241","3178793,571"
1564185600,"446509570,2","2038116,526","828,74","1871305,491","3177822,743"
1564099200,"441070689,4","2014502,919","835,1702114","1878136,262","3207069,496"
1564012800,437279939,"2021787,448","835,2738261","1901491,902","3428973,235"
1563926400,"428328065,8","2023375,128","828,81","1909294,03","3297641,666"
1563840000,"446022063,2","2058873,953","830,33","1953291,405","3168379,238"
1563753600,"474892985,5","2114273,742","901,56","2035614,782","3065665,444"
1563667200,"479899505,6","2102617,117","903,23","2024653,359","2897700,792"
1563580800,463394772,"2099780,103","903,19","2031405,773","2897800,149"
1563494400,"473453316,4","2103040,838","902,77","2057030,349","2864980,969"
1563408000,"441171041,7","2097156,978","902,81","2054908,852","2820653,729"
1563321600,"403073223,5","2036618,242","902,56","2012952,417","2999808,609"
1563235200,"452437958,1","1988049,126","901,11","1961186,568","3153529,042"
1563148800,"442431210,3","1960984,882","904,32","1949202,547","3259042,39"
1563062400,"516611474,9","1924600,03","904,06","1922780,19","2948539,761"
1562976000,"527701371,6","1926578,025","913,69","1894073,26","3172742,412"
1562889600,"516247759,9","1926635,201","912,21","1900504,998","3200969,017"
1562803200,"550198581,1","1912547,498","912,17","1889025,888","2974119,447"
1562716800,"585452463,8","1906691,679","911,21","1855467,395","3188912,875"
1562630400,"594012753,8","1903699,086","904,1","1845680,312","3685985,875"
1562544000,"580812609,4","1904135,289","902,32","1815635,294","3593219,189"
1562457600,"550403945,8","1910336,26","942,93","1812635,685","4302445,199"
1562371200,"548823944,4","1912519,431","940,89","1808565,592","4129389,679"
1562284800,539613312,"1904711,403","941,78","1780268,809","3715291,93"
1562198400,"572078462,2","1895514,748","940,76","1781118,05","3300150,799"
1562112000,"547130517,8","1877387,455","939,47","1767201,381","3441204,525"
1562025600,"549149905,7","1865381,9","947,22","1753195,253","3795455,109"
1561939200,"536854671,4","1851998,283","946,11","1742996,913","3649599,021"
1561852800,"586990474,5","1844064,259","941,26","1737009,953","4099278,836"
1561766400,"575690274,1","1852671,046","939,69","1737440,847","4223586,791"
1561680000,549186301,"1863492,716","939,6","1749112,575","3739720,369"
1561593600,"617881519,5","1854832,705","939,58","1747737,477","2846718,531"
1561507200,"598434208,1","1896624,846","937,75","1792513,766","2835399,871"
1561420800,"597426523,4","1923085,903","939,55","1812488,855","3429930,973"
1561334400,"592369135,3","1923511,723","940,29","1809378,322","3173408,449"
1561248000,"601731700,5","1942095,265","941,82","1824379,439","3781771,988"
1561161600,"576017528,5","1949356,98","938,63","1826260,568","3574987,044"
1561075200,"531020010,8","1957365,875","939,54","1826227,612","3748989,154"
1560988800,"526766142,3","1964384,964","940,04","1830857,718","3847221,104"
1560902400,"518751493,8","1962629,266","941,6","1838791,458","3206435,048"
1560816000,"535880707,6","1962861,817","948,3694487","1837725,569","2694860,777"
1560729600,"526465133,3","1964191,76","948,0536017","1841784,981","2776359,279"
1560643200,"525740716,8","1960526,469","949,7537442","1818957,189","2284988,319"
1560556800,"516971310,8","1964398,029","948,279569","1820091,295","2815282,594"
1560470400,"500677201,7","1966339,677","949,3006766","1817111,492","3108585,804"
1560384000,"516573320,6","1969832,291","950,1831135","1824378,113","2891038,458"
1560297600,"483360871,5","1975185,502","950,5775797","1822765,289","3033786,078"
1560211200,"487252143,6","1973379,457","950,5198407","1823823,011","3115217,63"
1560124800,"457132227,6","1975137,892","950,0835309","1829350,757","2737868,814"
1560038400,"479572142,6","1968994,123","953,1313162","1826381,179","3202980,341"
1559952000,"489814894,9","1965512,189","953,493303","1828154,423","3684929,818"
1559865600,486717524,"1957729,759","951,628452","1831065,913","2655656,627"
1559779200,"481696965,1","1958003,36","950,8821927","1832240,381","3097488,9"
1559692800,"471739374,7","1956457,487","949,1882243","1831764,874","2203490,349"
1559606400,"486765624,6","1945005,799","950,121204","1815100,462","3392468,781"
1559520000,"521881689,3","1940879,79","951,1646386","1817039,823","3623573,752"
1559433600,"512478710,5","1938310,211","951,8078884","1816395,772","3299954,975"
1559347200,"519521903,6","1941488,066","963,7333035","1811453,03","5822369,635"
1559260800,"491631496,2","1930566,739","963,8427766","1804900,01","3523283,757"
1559174400,"520602291,7","1934924,915","957,9936444","1805945,196","3445637,82"
1559088000,"525494216,4","1939210,407","953,0675795","1808303,145","3721912,213"
1559001600,"542625147,4","2000236,989","1019,738906","1878839,158","3630517,686"
1558915200,"544182710,3","2041170,984","1018,987143","1926224,765","3391497,232"
1558828800,"512837001,3","2047822,962","1018,668086","1925896,164",2614195
1558742400,"511591010,5","2053320,095","1017,373851","1929516,958","2642411,266"
1558656000,502359534,"2050672,576","1016,410479","1919941,579","2609065,065"
1558569600,"498995798,9","2048573,076","1015,562408","1921107,654","2465204,381"
1558483200,522721883,"2057588,834","1014,449966","1934126,052","2304563,161"
1558396800,"523362131,6","2078539,032","1021,328299","1956490,184","2308290,853"
1558310400,"547390440,2","2102024,734","1033,632469","1969459,72","2473317,544"
1558224000,"493176071,2","2110282,277","1030,287087","1963893,365","2359204,681"
1558137600,"512380448,7","2103679,849","1030,498248","1962793,927","2389151,842"
1558051200,"554672142,6","2098296,253","1030,423688","1962254,214","2784062,486"
1557964800,"566008585,6","2287856,281","1030,10793","2079390,818","2626468,491"
1557878400,"504499957,8","2328457,586","1030,413682","2122089,948","2854085,444"
1557792000,"458678560,9","2348673,79","1026,091566","2128058,923","2187376,161"
1557705600,443345363,"2358895,125","1023,291914","2133891,071","2346486,188"
1557619200,"447118055,4","2336055,969","1038,374781","2120298,719","2001284,147"
1557532800,"407289945,8","2354390,057","1038,697861","2120100,957","2347236,714"
1557446400,"404489388,4","2361019,315","1039,204196","2135008,047","2881131,552"
1557360000,"408656757,9","2375335,957","1038,537888","2141575,87","2912701,083"
1557273600,"405402790,9","2378797,713","1039,665608","2141593,674","2760979,372"
1557187200,"415701108,9","2384852,037","1039,298619",2144033,"2744222,346"
1557100800,"395728153,2","2411962,171","1039,034342","2158331,184","2748249,353"
1557014400,"399732338,1","2411799,162","1063,756834","2161010,744","2677435,916"
1556928000,"409235459,5","2412162,275","1063,78455","2165373,276","2718705,338"
1556841600,"396882852,7","2428115,736","1098,020914","2171644,503","2569665,235"
1556755200,"393917963,8","2433305,242","1098,807766","2167804,599","2498032,619"
1556668800,"402176575,1","2433280,679","1104,675933","2168552,418","2481472,937"
1556582400,"382411506,5","2444882,735","1099,678713","2173587,408","2453856,064"
1556496000,"389084819,8","2445343,377","1086,141016","2173623,725","2353969,917"
1556409600,"391780602,2","2449724,206","1085,447539","2177395,208","2261924,358"
1556323200,"390541349,9","2468906,257","1070,047711","2195412,89","2305474,803"
1556236800,"382194402,6","2479494,922","1065,443095","2207073,777","2465253,571"
1556150400,"411206332,3","2482542,745","1064,685756","2220375,806","2481727,73"
1556064000,"422266367,9","2481960,283","1064,143012","2225348,773","2389341,012"
1555977600,"426660423,7","2489913,378","1065,647802","2229451,357","2367696,826"
1555891200,"422555457,6","2482104,369","1024,413151","2230685,029","2375808,64"
1555804800,"431737696,5","2482721,43","1059,286429","2232121,833","2297850,987"
1555718400,"439342467,2","2523983,323","1058,948836","2266786,476","2238996,609"
1555632000,"440265271,2","2522633,666","1059,164058","2271845,245","1779158,54"
1555545600,"425523479,3","2548847,204","1062,7578","2291397,349","1614946,312"
1555459200,"423304539,7","2537391,33","1051,64173","2291694,319","2310586,069"
1555372800,"407536927,3","2543465,19","1047,295475","2294596,146","2333719,126"
1555286400,"430745460,5","2554728,006","1046,953678","2310434,611","2339313,57"
1555200000,"419979004,1","2553726,561","1064,032085","2308498,639","2296627,139"
1555113600,"421343697,7","2561456,308","1063,648261","2317174,56","2394724,874"
1555027200,"421799134,9","2553692,169","1064,574686","2324897,682","2430657,429"
1554940800,"454214620,5","2561755,048","1065,086671","2339099,235","2480776,068"
1554854400,"447288353,9","2538273,057","1062,224814","2318313,882","2482744,683"
1554768000,"460493506,7","2543788,816","1064,157507","2320796,243","2424367,51"
1554681600,"448695504,7","2556149,952","1066,344574","2323901,28","1653299,776"
1554595200,"423027426,6","2544589,536","1069,07397","2303130,989","1661690,44"
1554508800,"422895750,7","2542076,363","1070,947852","2308948,153","1588787,99"
1554422400,"399949985,5","2530700,671","1072,63142","2292157,501","1538741,567"
1554336000,"406423290,8","2522197,32","1077,869691","2283563,927","1528575,618"
1554249600,"417026480,4","2529224,125","1081,157133","2295489,963","1634498,431"
1554163200,"361161420,5","2546715,841","1079,109941","2291240,728","1519550,355"
1554076800,"360990827,7","2535568,294","1077,888628","2275922,357","1544130,079"
1553990400,"363012271,9","2533920,957","1082,273941","2277018,83","1590912,278"
1553904000,"364346609,3","2523513,946","1080,407536","2270327,037","1592295,68"
1553817600,"350913146,1","2536204,596","1079,418435","2278175,919","1540177,366"
1553731200,"354702971,1","2529952,749","1076,95298","2281751,381","1403583,879"
1553644800,"340304667,2","2534614,312","1075,738174","2284124,874","1391189,473"
1553558400,"339111270,9","2531952,814","1072,679051","2281535,122","1390176,333"
1553472000,343890132,"2525216,467","1064,057627","2283288,532","1374671,105"
1553385600,"348706964,8","2532138,435","1059,496595","2289586,964","1360068,794"
1553299200,"345229702,1","2524854,585","1060,770687","2291745,11","1344098,898"
1553212800,"345016731,9","2544665,069","1059,839261","2315399,552","1448240,12"
1553126400,"358107356,1","2554540,743","1057,774201","2326767,65","1355797,357"
1553040000,"356427836,9","2556439,517","1046,824525","2325649,799","1355561,293"
1552953600,"354514455,3","2560334,296","1049,823396","2325825,555","1346616,496"
1552867200,"357303606,6","2557565,887","1050,770354","2323560,447","1342710,141"
1552780800,"356397405,2","2516282,757","1051,759777","2288320,953","1298933,228"
1552694400,"347003645,5","2522055,911","1054,675715","2287562,982","1296418,676"
1552608000,"334210708,6","2515784,897","1061,882756","2277513,707","1266174,612"
1552521600,333734679,"2511471,669","1065,825592","2268535,106","1250065,918"
1552435200,"337081284,4","2509440,359","1066,612263","2270002,645","1252647,575"
1552348800,"335140687,1","2510462,873","1073,092593","2265718,608","1523957,013"
1552262400,"340585768,6","2498478,432","1074,67113","2260680,727","1365275,601"
1552176000,"344856163,3","2495395,747","1080,222247","2262217,356","1359338,122"
1552089600,335537918,"2496969,38","1079,449169","2267801,303","1357635,251"
1552003200,"341537749,6","2481955,162","1043,617605","2269025,02","1328746,822"
1551916800,"342809681,8","2476164,38","850,0203323","2268166,552","1316401,228"
1551830400,"339418094,6","2461034,909","835,4966109","2254881,208","1294380,165"
1551744000,"311803838,3","2466555,351","834,5081314","2253957,851","1293727,199"
1551657600,320155326,"2440388,332","809,2822172","2227550,964","1222658,521"
1551571200,"326436057,8","2439887,071","794,2710215","2232337,826","1220104,35"
1551484800,"330772845,3","2429813,111","789,9723531","2225183,903","1200495,759"
1551398400,"328090737,5","2407638,579","780,5825799","2209192,718","1215598,82"
1551312000,"327098499,7","2406539,856","775,8464536","2208102,285","1204638,634"
1551225600,"329415582,6","2402784,561","764,5003834","2195680,505","1207765,066"
1551139200,"332365064,8","2391198,331","749,5054521","2182856,874","1148261,457"
1551052800,"317512237,5","2380192,415","760,8806987","2171954,602","1142884,815"
1550966400,"377445579,8","2367118,861","732,8224409","2172679,285","1134684,023"
1550880000,"352897084,7","2368199,235","736,7225183","2166980,731","1071011,121"
1550793600,"344204794,3","2352176,524","731,6977553","2154352,339","1026617,211"
1550707200,"349956566,2","2345488,742","731,6573606","2151463,342","970959,4627"
1550620800,"339455865,5","2351224,619","729,1615639","2154685,667","978455,082"
1550534400,"343651666,7","2345679,786","729,6839162","2148717,792","875719,3264"
1550448000,"316821351,8","2359825,462","725,6838236","2149055,714","875034,2369"
1550361600,"291535322,4","2365681,77","724,661703","2142397,452","863355,3143"
1550275200,"288323921,4","2363397,23","723,3468138","2138565,743","847600,2837"
1550188800,"285128884,2","2359840,877","718,4191614","2136223,923","897796,2145"
1550102400,"288705435,5","2360922,451","715,0984374","2134502,392","905629,5704"
1550016000,"288030682,7","2349291,405","710,6849331","2129221,375","785509,0741"
1549929600,"282850086,3","2342778,586","708,4146538","2125417,755","783571,7081"
1549843200,"295373898,7","2352579,232","703,3608006","2133617,068","727739,307"
1549756800,"281912881,6","2360434,095","699,0313465","2139385,553","671455,6813"
1549670400,"279372689,4","2338582,961","695,9074829","2117209,333","613203,8813"
1549584000,246813281,"2366987,603","693,2199744","2130060,755","550401,1411"
1549497600,"246355024,9","2358078,44","687,5208945","2126940,049","534253,8236"
1549411200,"250163979,2","2340120,714","679,6872918","2106113,856","550756,1356"
1549324800,"249942178,7","2338691,88","663,0931644","2103240,925","543942,5754"
1549238400,"250115935,9","2333567,018","660,9682668","2092206,011","504219,4568"
1549152000,"258883289,9","2332893,153","655,3687386","2088941,852","403694,6753"
1549065600,"247261172,1","2310828,964","656,7815979","2076940,506","428859,8226"
1548979200,"246746235,5","2309082,122","658,7941956","2070778,935","413325,9758"
1548892800,"250386739,2","2297069,69","654,1890831","2065870,452","435088,2011"
1548806400,239941371,"2290609,747","651,7837852","2058052,347","420067,1939"
1548720000,241214416,"2267905,378","646,1073694","2044646,315","402134,4561"
1548633600,254539016,"2267204,204","637,0646309","2032385,53","383243,7746"
1548547200,263670854,"2266576,584","635,3673309","2030961,091","346407,5063"
1548460800,262192105,"2261836,655","631,2021174","2033879,656","332237,869"
1548374400,266206449,"2261737,035","629,0135325","2029773,276","322314,7815"
1548288000,262297471,"2230989,802","624,4539229","2003484,581","318700,0336"
1548201600,265057560,"2225130,625","619,6469142","1997037,949","302518,771"
1548115200,262077024,"2245348,047","605,3686678","2004169,822","341895,8608"
1548028800,265590806,"2242976,151","579,3966691","1999519,756","332139,6757"
1547942400,273638858,"2191740,953","578,114608","1965307,693","330058,5303"
1547856000,263799831,"2187939,214","575,1652979","1959177,484","324632,3959"
1547769600,269618701,"2179265,285","570,7128911","1954836,619","328147,1678"
1547683200,267884293,"2175798,351","570,4724622","1961759,099","361801,1759"
1547596800,258563268,"2133008,315","564,8837142","1949622,195","366116,4832"
1547510400,275852005,"2126190,882","562,8425492","1945392,031","386671,9611"
1547424000,243272514,"2087101,184","551,5768787","1908099,281","391335,1545"
1547337600,260909178,"2073505,348","547,2805293","1893925,627","406031,7121"
1547251200,262775222,"2066492,781","544,3503348","1890297,562","408350,6246"
1547164800,264365901,"2066004,228","496,0877758","1891330,161","418161,5454"
1547078400,310190252,"2051929,96","497,1376668","1884177,816","427542,6156"
1546992000,309525002,"2048477,842","500,1370275","1878332,908","415417,5519"
1546905600,311753782,"2049798,027","503,0658777","1888645,964","415751,7111"
1546819200,325798274,"2054084,068","482,2698565","1896308,519","384569,6446"
1546732800,321885071,"2060328,176","574,2924562","1901670,778","388208,777"
1546646400,324574496,"2080072,392","573,1645187","1925249,207","383931,5665"
1546560000,312651707,"2092155,427","571,4339553","1936656,078","363180,8961"
1546473600,326649055,"2086281,248","569,4212541","1937193,501","317166,9002"
1546387200,297580348,"2085941,035","566,8448106","1937529,856","348951,3965"
1546300800,278749942,"2088170,964","563,2999237","1937562,811","309211,5946"
1546214400,294588605,"2084402,498","560,3758225","1935686,746","317974,5518"
1546128000,286899052,"2089577,946","558,8867877","1933142,551","296660,7945"
1546041600,287981552,"2060985,844","555,7440563","1910098,496","284966,3725"
1545955200,241417969,"2068351,345","548,8074694","1902549,309","271560,5863"
1545868800,272400448,"2054147,108","544,0860006","1896042,988","274156,1831"
1545782400,266823922,"2036979,327","539,3602331","1882305,024","343348,5188"
1545696000,285287745,"2025184,532","532,6424079","1869213,427","326051,7462"
1545609600,265138192,"2015340,468","525,8029658","1857669,066","325684,2478"
1545523200,235859851,"1992732,773","504,3208354","1830737,744","289279,8125"
1545436800,212999608,"1946268,348","504,3208354","1778322,558","318012,3982"
1545350400,222241468,"1908799,004","504,3208354","1755129,985","318872,3782"
1545264000,192148770,"1909458,114","504,3208354","1739887,53","284266,5465"
1545177600,192121092,"1875449,941","504,3208354","1715959,017","278388,9703"
1545091200,178516453,"1870457,387","504,3208354","1710062,203","267482,7623"
1545004800,160440195,"1878910,821","504,3208354","1708250,008","283936,7302"
1544918400,157753514,"1872000,878","500,6601338","1705888,07","232611,1777"
1544832000,156882053,"1869869,523","496,7983207","1701490,405","270277,6786"
1544745600,161644835,"1871105,857","495,4316117","1700628,208","256389,0604"
1544659200,169952720,"1877515,687","493,5149886","1702096,964","247099,618"
1544572800,164811274,"1871791,868","491,3815655","1689290,758","238584,1151"
1544486400,168193795,"1854396,858","487,928276","1682777,601","227410,0602"
1544400000,175128775,"1854784,738","480,2713951","1677762,647","216695,6656"
1544313600,168334655,"1840930,173","477,5451384","1654401,232","200435,783"
1544227200,170134865,"1817486,006","475,6774194","1642255,422","193554,2742"
1544140800,156079265,"1725967,765","470,2938212","1557559,103","268820,1748"
1544054400,178626272,"1758651,885","465,5780662","1594192,623","266905,7106"
1543968000,192888747,"1756408,186","464,6855602","1586055,732","263791,4754"
1543881600,189299065,"1749044,304","463,7004857","1576655,32","267089,1284"
1543795200,202144024,"1743071,691","461,1091914","1568363,404","276227,768"
1543708800,205730972,"1736126,346","458,5396114","1553308,612","254130,0761"
1543622400,195790610,"1734655,887","456,7544054","1552692,904","281322,6534"
1543536000,203034643,"1728248,578","455,1357764","1556121,36","349240,898"
1543449600,210770561,"1715255,216","455,199814","1547986,396","371272,8504"
1543363200,188920610,"1714187,551","455,1910104","1543435,583","374965,3212"
1543276800,179866059,"1651814,299","455,6416793","1492172,232","344000,8082"
1543190400,188422083,"1614861,87","454,9548148","1475598,73","348649,0787"
1543104000,175838779,"1559684,043","454,9995056","1444481,45","347142,3626"
1543017600,189358508,"1534882,938","453,046874","1432758,494","311650,9098"
1542931200,192833299,"1544767,275","450,0179025","1441288,946","315265,602"
1542844800,204068172,"1495004,923","451,4574011","1411679,861","374539,0924"
1542758400,190670661,"1458395,755","453,4270074","1378116,173","366383,6859"
1542672000,203126621,"1370440,028","453,3102762","1301290,993","328784,5761"
1542585600,229229332,"1291069,175","453,8597863","1221805,071","346978,392"
1542499200,226066123,"1297589,961","450,399032","1219368,348","343531,1178"
1542412800,224915371,"1286406,835","449,5316317","1209578,181","321972,541"
1542326400,225622288,"1242755,649","446,971898","1163167,882","328225,1096"
1542240000,216653808,"1185714,799","443,2257454","1105211,987","323137,2671"
1542153600,239712763,"1161230,262","439,7674613","1081235,06","328723,4006"
1542067200,243530778,"1155214,544","343,942913","1061929,586","332485,2952"
1541980800,243299661,"1149266,231","343,942913","1055406,077","283557,9429"
1541894400,243835276,"1150709,184","336,8215829","1056365,777","264134,3028"
1541808000,239174843,"1142245,776","332,0760334","1054977,555","183027,2269"
1541721600,240758186,"1139467,963","281,5327122","1052931,742","195148,2326"
1541635200,245441131,"1125670,203","145,171379","1040271,234","192497,1452"
1541548800,246894999,"1124550,212","134,3772614","1039976,221","218358,0591"
1541462400,230783740,"1100542,394","123,3369136","1013376,016","258165,4445"
1541376000,231760663,"1096780,384","113,2779096","1010725,49","259516,1157"
1541289600,219884871,"1102345,571","111,725497","1010322,397","271658,3261"
1541203200,220861071,"1098701,975","109,5470917","1010325,175","275573,251"
1541116800,218134225,"1097641,146","109,4910137","1009255,526","276933,92"
1541030400,216448296,"1094002,002","109,6240257","1007199,678","266990,3213"
1540944000,214468471,"1093000,056","109,6633759","1005526,347","264088,7098"
1540857600,213380452,"1090511,841","107,5249766","1002603,665","241227,5507"
1540771200,220169385,"1080692,019","107,1553145","996455,3485","246233,2951"
1540684800,218185637,"1075919,113","107,9432252","992815,3738","246830,1119"
1540598400,218351399,"1073665,727","107,8123838","991043,4446","222014,9223"
1540512000,215370960,"1070272,623","107,2964511","988387,2001","227706,498"
1540425600,216490655,"1066824,299","107,2919322","986804,0118","225460,359"
1540339200,215999615,"1060381,026","108,0032293","980031,5485","225392,2331"
1540252800,208692540,"1025012,475","108,1587596","946737,8386","224799,9925"
1540166400,208992533,"1020620,858","109,497248","943693,1071","279206,2735"
1540080000,209228144,"1020226,955","111,2687572","943403,004","288225,5459"
1539993600,206748084,"1019166,341","111,1583194","942494,3789","285670,9964"
1539907200,205913338,"1016906,208","111,10932","940085,5148","281129,5624"
1539820800,210333587,"1013167,567","111,1944118","936308,0887","279741,7216"
1539734400,211770576,"1007375,968","111,9431414","933987,211","278530,2973"
1539648000,212088301,"1006111,485","111,6887029","933151,9914","280375,8135"
1539561600,195442082,"1002318,488","112,0052201","920333,2363","278635,1144"
1539475200,198864337,"997063,6099","112,5096891","918595,3955","226218,8916"
1539388800,195461840,"997406,95","112,4893101","917755,8304","223480,5425"
1539302400,186611789,"983046,8788","112,1335505","907267,2301","224027,9573"
1539216000,215066580,"954748,2021","110,8292893","886399,2665","219153,1774"
1539129600,217455564,"955890,6501","110,5195799","885186,7965","216230,8349"
1539043200,218960843,"954784,9954","110,5333764","885663,4513","216763,0415"
1538956800,214795463,"951896,5788","111,0083522","880378,871","216882,791"
1538870400,212425682,"945711,3436","111,5254454","873707,659","215458,8535"
1538784000,215258973,"944532,5713","111,5434243","874148,5154","204019,2646"
1538697600,208877289,"941906,967","110,9501974","871179,2757","199908,9559"
1538611200,206396488,"938293,8037","110,0971285","867539,4102","202493,2502"
1538524800,210227655,"932604,272","110,0643323","864844,5016","192206,4403"
1538438400,214580839,"929323,6856","110,0643323","864142,801","189275,0604"
1538352000,216040494,"928806,939","110,0643323","863225,1056","204106,5549"
1538265600,215060917,"929711,7283","110,0643323","863540,8086","204960,4086"
1538179200,206094673,"930198,0186","110,0643323","863051,4668","205816,9898"
1538092800,211470309,"923088,3452","110,0643323","862670,5493","185176,6428"
1538006400,197355567,"921318,1784","110,0643323","862475,1957","185516,247"
1537920000,200575746,"915035,3376","109,8075944","852000,7217","186274,7592"
1537833600,203238993,"891711,9735","110,1005572","832429,1063","185459,3347"
1537747200,216910076,"886976,3893","110,3429254","829246,2144","183685,1383"
1537660800,213461887,"886543,2636","109,9562238","826950,1006","186662,9705"
1537574400,218694935,"882938,0879","109,3465865","824187,0974","187031,2569"
1537488000,199701062,"888508,0174","109,6227514","823710,0474","188592,9529"
1537401600,186510085,"889074,6735","109,7357886","823309,132","188047,1512"
1537315200,184954799,"887541,6239","108,2265643","823063,0863","184337,1859"
1537228800,174033502,"887744,8582","108,2961399","821544,5167","186569,966"
1537142400,189954707,"862959,781","107,9625361","802682,0835","182210,5104"
1537056000,191092152,"862251,3853","107,8090027","800077,4987","181538,0156"
1536969600,179784064,"860746,2249","107,4128332","795346,5083","184786,1576"
1536883200,180436801,"854057,8454","107,3350575","789733,5344","190262,136"
1536796800,156799495,"856687,401","106,3399886","786521,3189","187950,7436"
1536710400,153120229,"827006,3678","107,155085","759429,4803","191647,2481"
1536624000,153777841,"780083,4018","107,5129022","718443,9645","183964,3186"
1536537600,145792039,"743874,8865","110,3818377","682947,1305","177741,3647"
1536451200,138545111,"704096,717","111,0924224","643660,4263","177616,6532"
1536364800,139095514,"646534,8796","111,3653185","590345,0203","172274,6206"
1536278400,137659327,"599666,0002","111,9993693","544068,262","181705,3346"
1536192000,140767634,"616671,6345","112,5499686","561660,4767","182148,2621"
1536105600,172350784,"604251,9511","112,5493489","555465,7199","178129,3574"
1536019200,175215901,"606346,337","112,3501262","552948,6632","179527,3669"
1535932800,180999875,"613517,3039","112,0873057","552694,6687","165366,7583"
1535846400,181561342,"614712,0192","111,3708256","552016,5227","166304,9602"
1535760000,171377063,"608475,2814","108,0541302","548820,7952","168242,325"
1535673600,172760720,"607991,2722","108,0541302","548474,3963","165564,3804"
1535587200,175821755,"609075,2589","100,9312482","548053,135","166814,0681"
1535500800,179977135,"608956,6402","99,23536342","547436,8208","173860,2329"
1535414400,174458547,"605716,7801","97,36546109","546421,6308","178339,8553"
1535328000,165799021,"604444,1159","98,16993399","543898,606","177585,6367"
1535241600,167438517,"603251,6105","96,21834237","543236,3731","197309,222"
1535155200,168357612,"598349,5469","94,21097659","543008,1586","199093,5947"
1535068800,162000470,"587319,9797","93,04467081","538036,6161","200257,9146"
1534982400,157258194,"581662,2059","91,59350143","533324,735","199799,8151"
1534896000,164107148,"583741,1447","91,68814205","528309,026","196181,3953"
1534809600,157624090,"582154,2695","89,04068507","524375,0917","196009,3224"
1534723200,169444920,"565532,7415","84,55305717","522233,9177","197946,0227"
1534636800,166901716,"566056,3541","84,25824817","520827,382","200190,8538"
1534550400,181852154,"572636,4392","84,80284528","519557,0018","195354,6887"
1534464000,162157007,"565401,0007","84,06149203","519430,7114","191176,513"
1534377600,158364913,"563095,2674","83,42261641","519205,6073","192963,5924"
1534291200,155522792,"558811,3686","82,53607029","515576,6878","193463,4278"
1534204800,156896201,"552393,0606","82,45121799","510278,2403","191251,0685"
1534118400,166267346,"522508,2367","81,21153609","481437,0722","189150,1848"
1534032000,164880229,"518507,5914","82,20523425","476671,5077","192471,4027"
1533945600,163822820,"494097,0563","82,02531048","452442,9399","187109,4796"
1533859200,175480266,"482738,4831","81,5938844","444641,7344","195547,9402"
1533772800,169052859,"475441,8511","80,74212587","434718,9282","193718,5804"
1533686400,169799074,"449275,213","80,36001463","400255,0882","199283,6718"
1533600000,182019699,"449486,8478","80,38984653","400070,577","188223,5373"
1533513600,184078439,"450311,7545","79,21020156","398278,999","186046,6909"
1533427200,182816751,"449280,5559","77,37930656","397488,4857","184037,8931"
1533340800,186439572,"446433,5329","91,34470143","396222,323","186064,3383"
1533254400,183822817,"447442,5358","91,33028588","393519,866","196460,5025"
1533168000,187488159,"446538,5929","91,59063114","392189,7017","195098,7216"
1533081600,192232034,"445012,4638","93,0968705","390190,8212","203420,9965"
1532995200,196046601,"429399,424","94,04158932","387555,23","213805,4566"
1532908800,206034861,"441945,2188","93,79663738","385918,9501","208500,6184"
1532822400,206570838,"440872,56","94,14482046","386657,5996","217134,805"
1532736000,206634790,"439938,6617","94,37630547","386121,7536","221834,9572"
1532649600,203415278,"440264,2209","94,21895523","385347,476","223994,0754"
1532563200,205908268,"436866,4587","91,65518264","384794,0807","221649,357"
1532476800,209302726,"436647,7365","92,37869879","384170,9257","224004,1774"
1532390400,198639099,"441783,4642","93,43460687","384344,446","223402,8928"
1532304000,200162073,"437369,3281","92,16000741","384165,5039","225796,8647"
1532217600,201035235,"436047,2736","83,67837173","383664,7989","230202,9606"
1532131200,195704666,"436023,2288","75,92908716","383621,7758","236902,3407"
1532044800,202893479,"432931,7806","76,01132238","382097,8266","238377,8747"
1531958400,207517242,"433203,0186","75,20305781","379719,7391","239027,7982"
1531872000,213345335,"427494,3594","114,5849758","378086,5063","237304,2677"
1531785600,205774418,"429762,1562","113,9244355","377225,4409","234727,1533"
1531699200,191639918,"426226,409","111,7739762","376119,0907","239032,2097"
1531612800,184306210,"424923,249","106,1565342","375804,5885","238722,3766"
1531526400,180564600,"417529,02","101,4372036","374138,0692","231463,22"
1531440000,178199538,"413542,3592","93,50882004","373148,6383","234471,2874"
1531353600,183518500,"411855,0686","87,73911866","372266,8067","235385,4304"
1531267200,174692638,"403736,25","82,23884292","369482,7836","227936,688"
1531180800,187821325,"398365,4132","79,95928798","366788,1161","234759,1539"
1531094400,207255771,"426285,5489","77,39983012","365793,7116","231632,2491"
1531008000,206439565,"424930,149","73,588923","363117,2857","237902,2648"
1530921600,200200600,"426022,1735","72,72029966","361589,7109","232632,307"
1530835200,199678657,"427074,4455","69,41144599","361649,9768","223274,9001"
1530748800,201148116,"430548,8474","69,0805965","360593,7587","220215,384"
1530662400,201199595,"435695,0021","62,08956902","360334,1183","219311,7767"
1530576000,206330008,"432938,8728","55,84343105","358938,2757","217666,6995"
1530489600,192261833,"425395,6832","54,67737853","356828,5755","220131,3323"
1530403200,189629827,"418230,3588","45,8853136","350494,6756","220185,5448"
1530316800,181331022,"416603,9195","38,19473078","349243,1405","220185,5448"
1530230400,151404933,"359888,1222","32,96663965","312555,6001","222864,2649"
1530144000,152731150,"345741,1432","30,66148218","301982,1134","220695,1488"
1530057600,148676936,"345848,7892","29,80355931","298945,9999","219498,8449"
1529971200,156738044,"341618,6308","29,18977548","298101,7119","217996,6071"
1529884800,156839697,"344513,3377","27,97943483","298227,8472","219530,4327"
1529798400,142552371,"300629,2357","27,08908825","255658,0228","217899,3654"
1529712000,140079561,"303097,5441","26,76096644","255432,281","219288,8125"
1529625600,155782164,"296310,275","26,15496211","253912,5359","214794,2265"
1529539200,160513659,"299376,4156","26,23187848","252948,7298","213621,0691"
1529452800,159855247,"296880,3919","25,26692048","250978,0175","210255,6564"
1529366400,154271507,"298034,3237","23,9297636","249997,8114","206609,3238"
1529280000,148708599,"299308,8298","23,24988982","249744,897","211254,0219"
1529193600,149123768,"299915,0638","23,3442785","250004,0943","210459,6737"
1529107200,146701753,"300920,5001","24,06679644","249762,3657","217445,7959"
1529020800,154973225,"298122,8959","24,19246147","249115,5034","214984,3013"
1528934400,143859403,"302035,2782","23,8416477","248489,2271","219590,3463"
1528848000,145404054,"294024,7386","23,53785906","245083,6073","216493,475"
1528761600,154199817,"290313,1262","23,07165385","241483,9277","229441,7575"
1528675200,147222751,"280568,58","23,64428966","240448,9709","234852,3395"
1528588800,164785463,"277720,5073","23,52816586","239906,0588","233501,0114"
1528502400,168541466,"281113,2783","23,22108101","240045,3952","230865,585"
1528416000,170572303,"282198,8998","21,92932927","239775,4137","225292,712"
1528329600,170954358,"281963,3152","21,22241066","239358,2871","226095,9186"
1528243200,170668400,"280612,2986","20,72965959","238301,9698","224360,0901"
1528156800,165564313,"279995,7941","20,65263222","238012,4","231648,0078"
1528070400,172141386,"278082,4613","20,75032073","237556,5436","220689,0893"
1527984000,165106770,"279590,8252","21,425777","237748,8056","225326,7716"
1527897600,161289757,"278561,2632","21,15485577","236941,2275","234938,7877"
1527811200,160486751,"278029,1236","21,14322611","237139,4284","232769,3569"
1527724800,153590379,"275686,3494","22,30381581","235071,1538","249722,5927"
1527638400,155577525,"274532,4246","22,30381581","234866,8314","251240,0703"
1527552000,134721771,"263113,0422","20,69116546","224356,2618","250756,0942"
1527465600,143366445,"251679,0341","21,72816704","218359,4108","253466,9067"
1527379200,146378643,"249895,2523","21,1090999","215378,5577","253096,8434"
1527292800,145703377,"249163,5635","21,22525055","214614,0581","250789,3666"
1527206400,149066738,"247347,9873","22,44142556","213649,7227","256086,0269"
1527120000,141856366,"245847,3267","22,20608525","212102,4517","252851,9892"
1527033600,159396651,"248622,1784","21,83840494","217126,7404","247203,1689"
1526947200,172713587,"247891,7041","21,37671343","214718,3092","247582,387"
1526860800,178318713,"249344,4914","21,14059776","213742,4323","241866,3062"
1526774400,174593522,"250834,7418","20,93271974","213861,5881","242715,3044"
1526688000,172424873,"248604,8604","20,88759633","211049,7676","229557,6384"
1526601600,165801316,"248053,3146","20,86445743","209818,8284","238737,0434"
1526515200,172654087,"244306,8401","20,83964689","209071,4457","240627,74"
1526428800,171567791,"243137,8479","20,66085792","208844,6195","240753,5773"
1526342400,176716559,"242939,4138","20,36240848","208293,2498","246449,7503"
1526256000,177209232,"242972,046","20,02348192","207368,2639","240716,149"
1526169600,165517449,"242112,0019","19,65371635","207209,288","254123,8871"
1526083200,163087860,"240613,5438","19,50610337","206217,2606","264907,1153"
1525996800,172153067,"237902,0591","19,50264782","204993,2626","270560,6675"
1525910400,176948323,"235532,2627","19,0966502","203661,8798","264847,3233"
1525824000,176495675,"236023,0479","18,93230005","202527,5572","264100,8124"
1525737600,174224263,"231561,1093","18,79166967","198306,4268","259211,5429"
1525651200,180996674,"228996,6649","18,70777431","196778,5342","263566,3895"
1525564800,186855019,"228823,5455","18,87245271","195769,518","263965,2533"
1525478400,180360136,"229995,4552","18,66689715","196791,2898","270344,6012"
1525392000,178900895,"230014,7792","18,57021639","196553,1576","270154,6534"
1525305600,162812040,"237079,5934","18,45833593","197359,1074","259778,111"
1525219200,157696272,"235083,3649","18,40067213","197632,1728","260266,6227"
1525132800,156692266,"233855,0922","18,42111557","199434,965","272314,4851"
1525046400,163161811,"236703,0958","18,25075256","201632,4963","276356,3976"
1524960000,163311364,"239101,877","17,95351389","201073,7313","273451,6269"
1524873600,152781395,"237562,811","17,76884501","200107,5731","273548,2407"
1524787200,149241031,"225640,7236","17,3099429","191004,1585","279201,2234"
1524700800,140011691,"226695,5264","16,99416706","189653,1095","284097,6076"
1524614400,152877574,"217340,8786","16,93531839","184820,7662","276646,5322"
1524528000,142534136,"221281,6295","16,89976531","185730,8189","278176,373"
1524441600,134757182,"216885,0402","16,89976531","188951,5996","264524,8176"
1524355200,130767036,"216083,1436","16,89976531","189004,0758","260582,9435"
1524268800,133184099,"215798,0767","17,0092047","187777,2528","259758,9222"
1524182400,123097085,"217006,7607","16,57995365","187756,2103","264797,9975"
1524096000,113028841,"214973,6411","16,41456105","188610,8677","266732,9271"
1524009600,106473264,"211663,8451","16,01699525","185110,5864","259054,911"
1523923200,106490164,"208122,7432","16,05185067","183947,5362","260652,4283"
1523836800,109596066,"205174,6031","16,43595821","182162,9441","251074,6143"
1523750400,104559325,"207958,243","17,17834276","181274,8171","264503,9199"
1523664000,102124287,"206328,3639","16,62535479","179945,645","248675,9293"
1523577600,101142114,"204761,8463","16,37240437","174355,1946","239210,13"
1523491200,85994827,"199806,7497","16,33381717","167285,3129","236501,6547"
1523404800,79684901,"191711,5386","16,68226831","164457,8095","238237,2085"
1523318400,75411934,"188992,8675","16,66971462","162238,094","227668,0521"
1523232000,74549899,"186039,8757","14,48937765","160120,0344","217673,2496"
1523145600,71698905,"186240,5969","14,20680099","158272,6109","212020,2611"
1523059200,68881346,"185989,8636","13,88428578","157959,7469","213495,0381"
1522972800,70107146,"183800,818","13,42869367","156623,9087","214935,6517"
1522886400,69024749,"182291,6915","12,89848327","155913,4251","211069,1809"
1522800000,72630318,"174621,494","12,97536335","153940,4365","208373,8908"
1522713600,68179506,"177236,9398","12,26601141","153393,17","207746,0297"
1522627200,65404640,"172639,9367","12,28511625","149735,9487","194904,047"
1522540800,66446158,"168615,1141","12,04772979","144208,6654","187443,7189"
1522454400,67573072,"171579,2906","11,9764373","145922,3763","182365,002"
1522368000,60454750,"157450,6459","11,12837257","132860,1943","183672,0915"
1522281600,64534583,"144719,0882","10,72719634","123349,8127","179782,6791"
1522195200,64699277,"144167,0239","9,28132769","121284,8369","175996,9021"
1522108800,67563427,"138979,3619","9,3278278","118475,0476","180788,1021"
1522022400,72197504,"138052,8596","9,0479179","116145,8922","178537,1673"
1521936000,72123558,"138653,8209","8,9436511","114867,3612","183707,9237"
1521849600,74822899,"137582,5592","9,16135826","114801,0209","178582,1736"
1521763200,74375836,"137761,0921","8,5338619","114437,9798","176125,9514"
1521676800,76202390,"136097,5693","7,89941406","114110,1815","180640,8305"
1521590400,75110273,"134710,0328","7,00530181","113527,2578","179253,1394"
1521504000,74687687,"134439,181","6,79296663","112647,776","179444,5074"
1521417600,69588405,"129495,7107","6,05523129","108228,8774","191237,1689"
1521331200,72706836,"132244,7407","5,45190345","110631,2087","190873,1511"
1521244800,77939406,"129784,3671","5,28518331","109122,9484","197656,878"
1521158400,77954914,"127656,8205","5,22245516","107583,5586","207313,4915"
1521072000,76177207,"124239,1046","5,243336","103518,7238","207345,379"
1520985600,81671089,"118370,7592","5,18863993","99343,83211","208910,5867"
1520899200,83466548,"119751,1449","4,80405011","98655,19073","206525,9618"
1520812800,85584130,"118805,7942","4,50186703","98107,48316","211755,9947"
1520726400,82163637,"120421,5697","4,18859188","96263,45847","210208,9327"
1520640000,85325813,"117405,7639","3,4241616","95615,05106","207401,1674"
1520553600,83526322,"119523,0915","3,27991517","94674,01323","203092,7053"
1520467200,89827949,"119590,4158","3,10045991","95954,76137","206128,7575"
1520380800,96154942,"117887,5032","3,21131564","94201,90624","216347,4101"
1520294400,100856136,"118714,3331","3,46760247","93670,03286","216681,6622"
1520208000,104005391,"120248,5675","3,8755391","94151,12579","221713,4606"
1520121600,102696576,"120021,7098","3,91778759","94250,49374","235985,0966"
1520035200,103379499,"120826,9039","3,89145713","94453,73008","238385,9997"
1519948800,103545997,"119040,2798","4,02961467","93764,19501","244418,3282"
1519862400,98820460,"116054,5625","4,55520798","94370,37577","238513,3252"
1519776000,99825253,"114532,3524","4,48863069","93298,87804","243632,8834"
1519689600,98691300,"113749,4525","4,59468277","93884,01615","240959,1969"
1519603200,92536272,"110125,5201","4,6003652","90552,67334","256578,6146"
1519516800,89373648,"107228,2187","4,60540998","89948,74975","268901,9889"
1519430400,90910790,"106365,7307","4,56417413","89888,42125","275635,7671"
1519344000,85610279,"106399,7204","4,46935569","89050,86545","277249,5283"
1519257600,88301085,"105096,5674","4,25102675","89057,81943","277914,5412"
1519171200,93045466,"105074,3812","3,9383108","88868,19183","278492,0603"
1519084800,99891414,"106291,2076","3,88591588","88753,68332","280394,6586"
1518998400,97714894,"106920,7725","3,90366329","87761,02721","274601,219"
1518912000,102220287,"104864,9818","4,05787118","88730,14526","280318,7549"
1518825600,98604963,"105131,5283","3,395035","89111,91758","279675,168"
1518739200,96519516,"104013,7033","3,37135604","89164,76195","275413,8676"
1518652800,90268949,"98106,69268","3,72689202","83025,45764","273782,7474"
1518566400,82113672,"97639,29654","4,03380538","82156,30989","277672,1166"
1518480000,82064851,"94841,95983","4,02669573","81415,41165","272100,9784"
1518393600,77833965,"95952,71645","4,59478595","80692,3762","282789,2986"
1518307200,79665163,"93614,6876","4,63350069","80150,10756","290245,9547"
1518220800,82222365,"93683,61894","4,60326142","79927,24075","301616,3976"
1518134400,70451708,"86597,88335","4,58670726","72334,31049","299306,6465"
1518048000,65300967,"86852,56165","4,77776572","72420,54285","305380,1228"
1517961600,65971481,"84022,97748","5,76457561","71123,6671","300014,6958"
1517875200,57176760,"82262,80124","5,69696483","68094,77863","298349,4404"
1517788800,61988724,"75016,0031","5,84697302","61717,85906","296812,03"
1517702400,71789512,"73943,48574","5,88401353","60191,01577","284577,154"
1517616000,68896116,"75093,58998","5,79776181","59436,40226","288493,9214"
1517529600,72945655,"71083,96593","5,62004929","57710,02891","265716,5357"
1517443200,78328314,"70484,13465","5,5936857","57461,26662","269847,0006"
1517356800,77008937,"72392,46924","5,576793","57826,83207","273289,168"
1517270400,83475721,"71350,42908","5,49763005","57040,76029","263434,6157"
1517184000,89232298,"72454,10168","5,46045154","56284,20557","255098,7085"
1517097600,82983347,"74821,78653","5,34855335","56452,87187","257933,6684"
1517011200,78831535,"75179,32347","4,48199159","56393,96477","242131,0752"
1516924800,79242602,"75730,9575","4,16473526","58151,58295","271997,1678"
1516838400,80973666,"76274,4002","4,16691182","59011,87149","293293,7864"
1516752000,75850735,"77046,49663","4,03288085","58945,43724","287701,187"
1516665600,75026171,"75044,93223","3,99117448","57884,86002","302696,7935"
1516579200,77716764,"74080,16853","3,86090634","57736,13599","314226,2155"
1516492800,85638433,"74435,8392","3,66374414","58104,59972","312778,2482"
1516406400,78054938,"75243,82856","3,67753525","58704,52431","334146,0659"
1516320000,75238286,"74274,94003",0,"59800,64542","344311,0642"
1516233600,74326033,"72520,27808",0,"60787,95625","326522,5074"
1516147200,71399412,"67982,60621",0,"56539,85374","310836,2391"
1516060800,88219997,"68991,9426",0,"57421,06609","310681,9835"
1515974400,99806389,"73420,52186",0,"57713,83611","307522,4468"
1515888000,103374935,"74637,86444",0,"57798,23365","304437,8638"
1515801600,98858837,"78393,4444",0,"57570,07142","1,01337436"
1515715200,88712830,"77864,71755",0,"58753,9442","1,027458645"
1515628800,95293222,"76298,05758",0,"59508,19621","1,034690193"
1515542400,103410300,"80210,27892",0,"58545,94698","1,027799536"
1515456000,89677700,"78933,99407",0,"58357,21917","1,031177301"
1515369600,87758898,"78513,88772",0,"57471,59594","1,039738499"
1515283200,78593372,"78092,79717",0,"57633,81108","1,04175277"
1515196800,73542908,"76042,42243",0,"58671,14567","1,032585788"
1515110400,71301491,"75464,88892",0,"61238,34464","1,030477678"
1515024000,63044139,"66996,95962",0,"58715,46077","1,027051754"
1514937600,56942145,"66060,47194",0,"56553,08677","1,021212824"
1514851200,50815621,"67201,31849",0,"56845,73571","1,028545335"
1514764800,48518175,"65468,66777",0,"57327,82214","1,023869279"
1514678400,45320142,"65397,974",0,"58253,92769","1,014731018"
1514592000,48578456,"65682,06598",0,"58388,80518","1,009450545"
1514505600,44371099,"61911,14568",0,"57930,13908","1,014719647"
1514419200,43007119,"58123,22652",0,"58244,82457","1,022279339"
1514332800,41765822,"55433,50764",0,"55438,19282","1,017255033"
1514246400,40972890,"56659,69245",0,"54341,67003","1,024808669"
1514160000,31646081,"46808,18986",0,"51241,52654","1,015276859"
1514073600,30291023,"43245,70698",0,"48743,28527","1,013906422"
1513987200,28096734,"42712,53705",0,"47458,40345","1,017005515"
1513900800,30312295,"38399,64403",0,"43899,6106","1,013550978"
1513814400,29386938,"36771,82327",0,"42264,27845","1,014962707"
1513728000,24685057,"30381,60862",0,"36992,86906","1,005024456"
1513641600,20846431,"26516,44174",0,"29061,55631","1,007399674"
1513555200,15797364,"22010,17653",0,"23992,8876","1,002120536"
1513468800,14600775,"21089,63341",0,"24118,7408",0
1513382400,13715902,"20049,85017",0,"23342,9074",0
1513296000,13219941,"19060,44148",0,"15473,13972",0
1513209600,13612594,"19471,8763",0,"15266,38976",0
1513123200,13343930,"20325,24523",0,"16291,9959",0
1513036800,11630174,"22655,00623",0,"16627,58776",0
1512950400,10339780,"23685,75617",0,"15928,02263",0
1512864000,11046204,"23387,61407",0,"17329,07415",0
1512777600,10571618,"23399,92474",0,"17287,43921",0
1512691200,10195547,"24231,26485",0,"15046,91814",0
1512604800,10984395,"26005,33867",0,"14556,765",0
1512518400,11582730,"25514,86915",0,"14339,35859",0
1512432000,9739269,"20858,09222",0,"14175,11575",0
1512345600,9276538,"20039,18172",0,"14960,62143",0
1512259200,8998308,"19648,67674",0,"15749,49994",0
1512172800,9168312,"19862,88834",0,"17061,96478",0
1512086400,8845547,"20320,10981",0,"17549,80064",0
1512000000,8697058,"20353,51744",0,"17818,09832",0
1511913600,8824505,"18926,95822",0,"18011,66742",0
1511827200,8832017,"18585,89436",0,"18525,98657",0
1511740800,8939618,"19002,27017",0,"18973,69908",0
1511654400,8758371,"18853,45173",0,"18801,63572",0
1511568000,8983722,"19098,04847",0,"15445,17467",0
1511481600,8023171,"19736,7125",0,"14592,66566",0
1511395200,7817731,"20528,13854",0,"14441,55175",0
1511308800,7127275,"19769,43027",0,"14567,27027",0
1511222400,7304792,"19865,63324",0,"15096,31562",0
1511136000,7178571,"20240,14154",0,"15276,93131",0
1511049600,7163984,"20666,33204",0,"15422,08434",0
1510963200,6848192,"20644,49536",0,"15616,01087",0
1510876800,6908299,"20913,95919",0,"16011,90258",0
1510790400,1706140,"5151,388889",0,"16147,14022",0
1510704000,1871145,"5590,179852",0,"16262,75157",0
1510617600,1917241,"6094,218055",0,"17061,97913",0
1510531200,1550713,"5067,358343",0,"18054,87985",0
1510444800,1727079,"5496,225695",0,"17233,75296",0
1510358400,2312229,"7788,954389",0,"17297,34586",0
1510272000,2819162,"8818,975819",0,"17539,34991",0
1510185600,2452697,"7980,143159",0,"17879,30006",0
1510099200,2604644,"8924,904057",0,"17926,80895",0
1510012800,2369142,"7981,746513",0,"18120,48328",0
1509926400,2278501,"7691,921545",0,"2090,954681",0
1509840000,2383687,"7945,623333",0,"2439,688362",0
1509753600,2250921,"7391,944435",0,"3011,754274",0
1509667200,2182976,"7661,715569",0,"1903,931093",0
1509580800,2498818,"8633,881556",0,"2453,434216",0
1509494400,2615404,"8613,786516",0,"4431,386348",0
1509408000,2660420,"8671,512386",0,"5068,917639",0
1509321600,2620378,"8618,530457",0,"4294,55348",0
1509235200,2599813,"8863,099581",0,"4579,883356",0
1509148800,2586193,"8726,230725",0,"4198,660657",0
1509062400,2495857,"8445,073425",0,"4526,388651",0
1508976000,3077011,"10383,0302",0,"4820,257468",0
1508889600,3130369,"10557,73693",0,"4491,241602",0
1508803200,2976913,"10435,42258",0,"4829,723444",0
1508716800,3167783,"10773,67275",0,"5467,808657",0
1508630400,3372824,"11259,63612",0,"5679,349869",0
1508544000,3614010,"11924,27742",0,"5697,899162",0
1508457600,3727645,"12125,97183",0,"5770,836778",0
1508371200,3765240,"12008,8027",0,"5826,844317",0
1508284800,4105398,"12986,01253",0,"5904,966555",0
1508198400,4392076,"13140,87904",0,"5705,761918",0
1508112000,4538303,"13483,57894",0,"7327,692996",0
1508025600,1348483,"3980,056669",0,"7511,046764",0
1507939200,1803655,"5354,793219",0,"7801,552341",0
1507852800,2184832,"7213,285351",0,"7871,56833",0
1507766400,2368811,"7821,471967",0,"8313,222882",0
1507680000,1779275,"5961,519132",0,"8930,609485",0
1507593600,1157661,"3898,504799",0,"8868,534944",0
1507507200,1230356,"3975,430547",0,"8936,33692",0
1507420800,1721351,"5530,267301",0,"9874,493102",0
1507334400,1529506,"4960,613628",0,"10082,3928",0
1507248000,4227210,"14330,01119",0,"10534,99775",0
1507161600,4200506,"14401,07652",0,"828,3252523",0
1507075200,1266586,"4340,447551",0,"1758,780545",0
1506988800,1340804,"4517,38149",0,"3144,680791",0
1506902400,1406890,"4628,688929",0,"3528,579192",0
1506816000,2627295,"8677,527496",0,"4377,128397",0
1506729600,1616384,"5524,588147",0,"3889,993354",0
1506643200,1406365,"4644,99455",0,"3966,577387",0
1506556800,1230081,"3968,387263",0,"5528,393247",0
1506470400,1340764,"4645,108093",0,"4958,785268",0
1506384000,1332142,"4517,420055",0,"10635,80387",0
1506297600,1322087,"4678,297948",0,"10635,80387",0
1506211200,1363800,"4766,198364",0,"843,1105567",0
1506124800,1208691,"4596,831977",0,"4515,597332",0
1506038400,1197336,"4644,978081",0,"4626,817517",0
1505952000,1375273,"4850,024686",0,"4000,777988",0
1505865600,1346872,"4759,265018",0,"3649,342611",0
1505779200,1492881,"5017,58142",0,"4643,139588",0
1505692800,1406269,"5442,217492",0,"3959,511387",0
1505606400,1299343,"5105,674093",0,"4643,139588",0
1505520000,1395519,"5376,272296",0,"4515,597332",0
1505433600,1322049,"5924,751277",0,"4676,354798",0
1505347200,1761431,"6385,698231",0,"4764,42486",0
1505260800,2187923,"7439,384563",0,"4594,94817",0
1505174400,2100574,"7050,088941",0,"4643,139588",0
1505088000,632,"2,112228869",0,"4848,302531",0
1505001600,649,"2,136344185",0,"4757,443125",0
1504915200,679,"2,213745436",0,"5015,883592",0
1504828800,698,"2,081283359",0,"5440,044648",0
1504742400,745,"2,198158858",0,"5103,505502",0
1504656000,723,"2,274013965",0,"5374,261394",0
1504569600,684,"2,252222588",0,"5922,328597",0
1504483200,1141,"3,23733863",0,"6383,936908",0
1504396800,1451,"4,133549839",0,"7437,366005",0
1504310400,1516,"3,873077513",0,"7047,837417",0
1504224000,1652,"4,254113769",0,0,0
1504137600,1647,"4,290626791",0,0,0
1504051200,1591,"4,272861555",0,0,0
1503964800,1531,"4,40372778",0,0,0
1503878400,1521,"4,372197309",0,0,0
1503792000,1365,"4,100823169",0,0,0
1503705600,1300,"3,938677816",0,0,0
1503619200,1355,"4,165641909",0,0,0
1503532800,1386,"4,366729679",0,0,0
1503446400,5,"0,01595557967",0,0,0
1503360000,6,"0,01864222464",0,0,0
1503273600,5,"0,01676727029",0,0,0
1503187200,5,"0,01706368166",0,0,0
1503100800,5,"0,01708700704",0,0,0
1503014400,5,"0,01665001665",0,0,0
1502928000,5,"0,01659035105",0,0,0
1502841600,6,"0,02094094653",0,0,0
1502755200,5,"0,01671346437",0,0,0
1502668800,6,"0,02022790102",0,0,0
1502582400,6,"0,01947925459",0,0,0
1502496000,6,"0,01939738782",0,0,0
1502409600,6,"0,02011532788",0,0,0
1502323200,5,"0,01693537461",0,0,0
1502236800,5,"0,01686283768",0,0,0
1502150400,5,"0,01852263466",0,0,0
1502064000,5,"0,01889930451",0,0,0
1501977600,5,"0,01975581809",0,0,0
1501891200,5,"0,02266545784",0,0,0
1501804800,4,"0,01782610633",0,0,0
1501718400,4,"0,01833852925",0,0,0
1501632000,0,0,0,0,0